name,generation,base_experience,height,weight,abilities,type,type-slot,hp,attack,defense,special-attack,special-defense,speed,moves,stat-total
pidgey,1,50.0,3,18,3,normal,1,40,45,40,35,35,56,23,251
pidgey,1,50.0,3,18,3,flying,2,40,45,40,35,35,56,23,251
rattata,1,51.0,3,35,3,normal,1,30,56,35,25,35,72,33,253
spearow,1,52.0,3,20,2,normal,1,40,60,30,31,31,70,26,262
spearow,1,52.0,3,20,2,flying,2,40,60,30,31,31,70,26,262
meowth,1,58.0,4,42,3,normal,1,40,45,35,40,40,90,34,290
pidgeotto,1,122.0,11,300,3,normal,1,63,60,55,50,50,71,23,349
pidgeotto,1,122.0,11,300,3,flying,2,63,60,55,50,50,71,23,349
pidgeot,1,216.0,15,395,3,normal,1,83,80,75,70,70,101,24,479
pidgeot,1,216.0,15,395,3,flying,2,83,80,75,70,70,101,24,479
raticate,1,145.0,7,185,3,normal,1,55,81,60,50,70,97,36,413
fearow,1,155.0,12,380,2,normal,1,65,90,65,61,61,100,27,442
fearow,1,155.0,12,380,2,flying,2,65,90,65,61,61,100,27,442
clefairy,1,113.0,6,75,3,normal,1,70,45,48,60,65,35,53,323
clefable,1,242.0,13,400,3,normal,1,95,70,73,95,90,60,54,483
jigglypuff,1,95.0,5,55,3,normal,1,115,45,20,45,25,20,50,270
wigglytuff,1,218.0,10,120,3,normal,1,140,70,45,85,50,45,52,435
persian,1,154.0,10,320,3,normal,1,65,70,60,65,65,115,35,440
farfetchd,1,132.0,8,150,3,normal,1,52,90,55,58,62,60,31,377
farfetchd,1,132.0,8,150,3,flying,2,52,90,55,58,62,60,31,377
doduo,1,62.0,14,392,3,normal,1,35,85,45,35,35,75,33,310
doduo,1,62.0,14,392,3,flying,2,35,85,45,35,35,75,33,310
lickitung,1,77.0,12,655,3,normal,1,90,55,75,60,75,30,52,385
kangaskhan,1,172.0,22,800,3,normal,1,105,95,80,40,80,90,50,490
tauros,1,172.0,14,884,3,normal,1,75,100,95,40,70,110,34,490
ditto,1,101.0,3,40,2,normal,1,48,48,48,48,48,48,1,288
eevee,1,65.0,3,65,3,normal,1,55,55,50,45,65,55,25,325
porygon,1,79.0,8,365,3,normal,1,65,60,70,85,75,40,34,395
dodrio,1,165.0,18,852,3,normal,1,60,110,70,60,60,110,33,470
dodrio,1,165.0,18,852,3,flying,2,60,110,70,60,60,110,33,470
chansey,1,395.0,11,346,3,normal,1,250,5,5,35,105,50,53,450
snorlax,1,189.0,21,4600,3,normal,1,160,110,65,65,110,30,51,540
sentret,2,43.0,8,60,3,normal,1,35,46,34,35,45,20,33,215
hoothoot,2,52.0,7,212,3,normal,1,60,30,30,36,56,50,30,262
hoothoot,2,52.0,7,212,3,flying,2,60,30,30,36,56,50,30,262
cleffa,2,44.0,3,30,3,normal,1,50,25,28,45,55,15,31,218
igglybuff,2,42.0,3,10,3,normal,1,90,30,15,40,20,15,29,210
togepi,2,49.0,3,15,3,normal,1,35,20,65,40,65,20,30,245
aipom,2,72.0,8,115,3,normal,1,55,70,55,40,55,85,36,360
girafarig,2,159.0,15,415,3,normal,1,70,80,65,90,65,85,32,455
girafarig,2,159.0,15,415,3,psychic,2,70,80,65,90,65,85,32,455
dunsparce,2,145.0,15,140,3,normal,1,100,70,70,65,65,45,33,415
snubbull,2,60.0,6,78,3,normal,1,60,80,50,40,40,30,38,300
teddiursa,2,66.0,6,88,3,normal,1,60,80,50,50,50,40,34,330
furret,2,145.0,18,325,3,normal,1,85,76,64,45,55,90,35,415
noctowl,2,158.0,16,408,3,normal,1,100,50,50,86,96,70,31,452
noctowl,2,158.0,16,408,3,flying,2,100,50,50,86,96,70,31,452
togetic,2,142.0,6,32,3,normal,1,55,40,85,80,105,40,31,405
togetic,2,142.0,6,32,3,flying,2,55,40,85,80,105,40,31,405
granbull,2,158.0,14,487,3,normal,1,90,120,75,60,60,45,39,450
ursaring,2,175.0,18,1258,3,normal,1,90,130,75,75,75,55,34,500
stantler,2,163.0,14,712,3,normal,1,73,95,62,85,65,85,37,465
miltank,2,172.0,12,755,3,normal,1,95,80,105,40,70,100,33,490
porygon2,2,180.0,6,325,3,normal,1,85,80,90,105,95,60,26,515
blissey,2,635.0,15,468,3,normal,1,255,10,10,75,135,55,44,540
zigzagoon,3,56.0,4,175,3,normal,1,38,30,41,30,41,60,25,240
taillow,3,54.0,3,23,2,normal,1,40,55,30,30,30,85,20,270
taillow,3,54.0,3,23,2,flying,2,40,55,30,30,30,85,20,270
slakoth,3,56.0,8,240,1,normal,1,60,60,60,35,35,30,30,280
whismur,3,48.0,6,163,2,normal,1,64,51,23,51,23,28,29,240
azurill,3,38.0,2,20,3,normal,1,50,20,40,20,40,20,24,190
skitty,3,52.0,6,110,3,normal,1,50,45,45,35,35,50,25,260
linoone,3,147.0,5,325,3,normal,1,78,70,61,50,61,100,30,420
swellow,3,159.0,7,198,2,normal,1,60,85,60,75,50,125,17,455
swellow,3,159.0,7,198,2,flying,2,60,85,60,75,50,125,17,455
vigoroth,3,154.0,14,465,1,normal,1,80,80,80,55,55,90,37,440
slaking,3,252.0,20,1305,1,normal,1,150,160,100,95,65,100,38,670
loudred,3,126.0,10,405,2,normal,1,84,71,43,71,43,48,31,360
exploud,3,245.0,15,840,2,normal,1,104,91,63,91,73,68,34,490
spinda,3,126.0,11,50,3,normal,1,60,60,60,60,60,60,31,360
swablu,3,62.0,4,12,2,normal,1,45,40,60,40,75,50,23,310
swablu,3,62.0,4,12,2,flying,2,45,40,60,40,75,50,23,310
zangoose,3,160.0,13,403,2,normal,1,73,115,60,60,60,90,43,458
castform,3,147.0,3,8,1,normal,1,70,70,70,70,70,70,25,420
kecleon,3,154.0,10,220,2,normal,1,60,90,70,60,120,40,43,440
delcatty,3,140.0,11,326,3,normal,1,70,65,65,55,55,90,27,400
starly,4,49.0,3,20,2,normal,1,40,55,30,30,30,60,17,245
starly,4,49.0,3,20,2,flying,2,40,55,30,30,30,60,17,245
bidoof,4,50.0,5,200,3,normal,1,59,45,40,35,40,31,25,250
buneary,4,70.0,4,55,3,normal,1,55,66,44,44,56,85,26,350
glameow,4,62.0,5,39,3,normal,1,49,55,42,42,37,85,22,310
happiny,4,110.0,6,244,3,normal,1,100,5,5,15,65,30,20,220
chatot,4,144.0,5,19,3,normal,1,76,65,45,92,42,91,16,411
chatot,4,144.0,5,19,3,flying,2,76,65,45,92,42,91,16,411
munchlax,4,78.0,6,1050,3,normal,1,135,85,40,40,85,5,39,390
staravia,4,119.0,6,155,2,normal,1,55,75,50,40,40,80,14,340
staravia,4,119.0,6,155,2,flying,2,55,75,50,40,40,80,14,340
staraptor,4,218.0,12,249,2,normal,1,85,120,70,50,60,100,16,485
staraptor,4,218.0,12,249,2,flying,2,85,120,70,50,60,100,16,485
bibarel,4,144.0,10,315,3,normal,1,79,85,60,55,60,71,26,410
bibarel,4,144.0,10,315,3,water,2,79,85,60,55,60,71,26,410
ambipom,4,169.0,12,203,3,normal,1,75,100,66,60,66,115,30,482
lopunny,4,168.0,12,333,3,normal,1,65,76,84,54,96,105,31,480
purugly,4,158.0,10,438,3,normal,1,71,82,64,64,59,112,21,452
regigigas,4,335.0,37,4200,1,normal,1,110,160,110,80,110,100,23,670
arceus,4,324.0,32,3200,1,normal,1,120,120,120,120,120,120,37,720
lickilicky,4,180.0,17,1400,3,normal,1,110,85,95,80,95,50,40,515
togekiss,4,273.0,15,380,3,normal,1,85,50,95,120,115,80,27,545
togekiss,4,273.0,15,380,3,flying,2,85,50,95,120,115,80,27,545
porygon-z,4,268.0,9,340,3,normal,1,85,80,70,135,75,90,25,535
patrat,5,51.0,5,116,3,normal,1,45,55,39,35,39,42,20,255
lillipup,5,55.0,4,41,3,normal,1,45,60,45,25,45,55,14,275
pidove,5,53.0,3,21,3,normal,1,50,55,50,36,30,43,15,264
pidove,5,53.0,3,21,3,flying,2,50,55,50,36,30,43,15,264
audino,5,390.0,11,310,3,normal,1,103,60,86,60,86,50,33,445
herdier,5,130.0,9,147,3,normal,1,65,80,65,35,65,60,14,370
stoutland,5,250.0,12,610,3,normal,1,85,110,90,45,90,80,16,500
tranquill,5,125.0,6,150,3,normal,1,62,77,62,50,42,65,14,358
tranquill,5,125.0,6,150,3,flying,2,62,77,62,50,42,65,14,358
unfezant,5,244.0,12,290,3,normal,1,80,115,80,65,55,93,15,488
unfezant,5,244.0,12,290,3,flying,2,80,115,80,65,55,93,15,488
minccino,5,60.0,4,58,3,normal,1,55,50,40,40,40,75,16,300
deerling,5,67.0,6,195,3,normal,1,60,60,50,40,50,75,20,335
deerling,5,67.0,6,195,3,grass,2,60,60,50,40,50,75,20,335
bouffalant,5,172.0,16,946,3,normal,1,95,110,95,40,95,55,22,490
rufflet,5,70.0,5,105,3,normal,1,70,83,50,37,50,60,20,350
rufflet,5,70.0,5,105,3,flying,2,70,83,50,37,50,60,20,350
watchog,5,147.0,11,270,3,normal,1,60,85,69,60,69,77,31,420
cinccino,5,165.0,5,75,3,normal,1,75,95,60,65,60,115,18,470
sawsbuck,5,166.0,19,925,3,normal,1,80,100,70,60,70,95,22,475
sawsbuck,5,166.0,19,925,3,grass,2,80,100,70,60,70,95,22,475
braviary,5,179.0,15,410,3,normal,1,100,123,75,57,75,80,22,510
braviary,5,179.0,15,410,3,flying,2,100,123,75,57,75,80,22,510
bunnelby,6,47.0,4,50,3,normal,1,38,36,38,32,36,57,20,237
fletchling,6,56.0,3,17,2,normal,1,45,50,43,40,38,62,16,278
fletchling,6,56.0,3,17,2,flying,2,45,50,43,40,38,62,16,278
litleo,6,74.0,6,135,3,normal,2,62,50,58,73,54,72,19,369
litleo,6,74.0,6,135,3,fire,1,62,50,58,73,54,72,19,369
furfrou,6,165.0,12,280,1,normal,1,75,80,60,65,90,102,17,472
helioptile,6,58.0,5,60,3,normal,2,44,38,33,61,43,70,21,289
helioptile,6,58.0,5,60,3,electric,1,44,38,33,61,43,70,21,289
diggersby,6,148.0,10,424,3,normal,1,85,56,77,50,77,78,27,423
diggersby,6,148.0,10,424,3,ground,2,85,56,77,50,77,78,27,423
pyroar,6,177.0,15,815,3,normal,2,86,68,72,109,66,106,20,507
pyroar,6,177.0,15,815,3,fire,1,86,68,72,109,66,106,20,507
heliolisk,6,168.0,10,210,3,normal,2,62,55,52,109,94,109,27,481
heliolisk,6,168.0,10,210,3,electric,1,62,55,52,109,94,109,27,481
pikipek,7,53.0,3,12,3,normal,1,35,75,30,30,30,65,15,265
pikipek,7,53.0,3,12,3,flying,2,35,75,30,30,30,65,15,265
yungoos,7,51.0,4,60,3,normal,1,48,70,30,30,30,45,16,253
stufful,7,68.0,5,68,3,normal,1,70,75,50,45,50,50,22,340
stufful,7,68.0,5,68,3,fighting,2,70,75,50,45,50,50,22,340
oranguru,7,172.0,15,760,3,normal,1,90,60,80,90,110,60,20,490
oranguru,7,172.0,15,760,3,psychic,2,90,60,80,90,110,60,20,490
type-null,7,107.0,19,1205,1,normal,1,95,95,95,95,95,59,16,534
komala,7,168.0,4,199,1,normal,1,65,115,65,75,95,65,16,480
drampa,7,170.0,30,1850,3,normal,1,78,60,85,135,91,36,26,485
drampa,7,170.0,30,1850,3,dragon,2,78,60,85,135,91,36,26,485
trumbeak,7,124.0,6,148,3,normal,1,55,85,50,40,50,75,15,355
trumbeak,7,124.0,6,148,3,flying,2,55,85,50,40,50,75,15,355
toucannon,7,218.0,11,260,3,normal,1,80,120,75,75,75,60,16,485
toucannon,7,218.0,11,260,3,flying,2,80,120,75,75,75,60,16,485
gumshoos,7,146.0,7,142,3,normal,1,88,110,60,55,60,45,22,418
bewear,7,175.0,21,1350,3,normal,1,120,125,80,55,60,60,23,500
bewear,7,175.0,21,1350,3,fighting,2,120,125,80,55,60,60,23,500
silvally,7,285.0,23,1005,1,normal,1,95,95,95,95,95,95,23,570
skwovet,8,55.0,3,25,2,normal,1,70,55,55,35,35,25,13,275
wooloo,8,122.0,6,60,3,normal,1,42,40,55,40,45,48,13,270
greedent,8,161.0,6,60,2,normal,1,120,95,95,55,75,20,15,460
dubwool,8,172.0,13,430,3,normal,1,72,80,100,60,90,88,15,490
obstagoon,8,260.0,16,460,3,normal,2,93,90,101,60,81,95,31,520
wyrdeer,8,,18,951,3,normal,1,103,105,72,105,75,65,25,525
wyrdeer,8,,18,951,3,psychic,2,103,105,72,105,75,65,25,525
ursaluna,8,,24,2900,3,normal,2,130,140,105,45,80,50,23,550
ursaluna,8,,24,2900,3,ground,1,130,140,105,45,80,50,23,550
lechonk,9,,5,102,3,normal,1,54,45,40,35,45,35,10,254
tandemaus,9,,3,18,3,normal,1,50,50,45,40,45,75,12,305
smoliv,9,,3,65,2,normal,2,41,35,45,58,51,30,10,260
smoliv,9,,3,65,2,grass,1,41,35,45,58,51,30,10,260
squawkabilly,9,,6,24,3,normal,1,82,96,51,45,51,92,11,417
squawkabilly,9,,6,24,3,flying,2,82,96,51,45,51,92,11,417
shroodle,9,,2,7,3,normal,2,40,65,35,40,35,75,14,290
shroodle,9,,2,7,3,poison,1,40,65,35,40,35,75,14,290
cyclizar,9,,16,630,2,normal,2,70,95,65,85,65,121,12,501
cyclizar,9,,16,630,2,dragon,1,70,95,65,85,65,121,12,501
farigiraf,9,,32,1600,3,normal,1,120,90,70,110,70,60,25,520
farigiraf,9,,32,1600,3,psychic,2,120,90,70,110,70,60,25,520
dudunsparce,9,,36,392,3,normal,1,125,100,80,85,75,55,22,520
terapagos,9,,2,65,1,normal,1,90,65,85,65,85,60,19,450
oinkologne,9,,10,1200,3,normal,1,110,100,75,59,80,65,11,489
maushold,9,,3,23,3,normal,1,74,75,70,65,75,111,12,470
dolliv,9,,6,119,2,normal,2,52,53,60,78,78,33,10,354
dolliv,9,,6,119,2,grass,1,52,53,60,78,78,33,10,354
arboliva,9,,14,482,2,normal,2,78,69,90,125,109,39,15,510
arboliva,9,,14,482,2,grass,1,78,69,90,125,109,39,15,510
grafaiai,9,,7,272,3,normal,2,63,95,65,80,72,110,14,485
grafaiai,9,,7,272,3,poison,1,63,95,65,80,72,110,14,485
mankey,1,61.0,5,280,3,fighting,1,40,80,35,35,45,70,39,305
machop,1,61.0,8,195,3,fighting,1,70,80,50,35,35,35,35,305
primeape,1,159.0,10,320,3,fighting,1,65,105,60,60,70,95,39,455
poliwrath,1,255.0,13,540,3,fighting,2,90,95,95,70,90,70,45,510
poliwrath,1,255.0,13,540,3,water,1,90,95,95,70,90,70,45,510
machoke,1,142.0,15,705,3,fighting,1,80,100,70,50,60,45,33,405
machamp,1,253.0,16,1300,3,fighting,1,90,130,80,65,85,55,34,505
hitmonlee,1,159.0,15,498,3,fighting,1,50,120,53,35,110,87,31,455
hitmonchan,1,159.0,14,502,3,fighting,1,50,105,79,35,110,76,34,455
heracross,2,175.0,15,540,3,fighting,2,80,125,75,40,95,85,27,500
heracross,2,175.0,15,540,3,bug,1,80,125,75,40,95,85,27,500
tyrogue,2,42.0,7,210,3,fighting,1,35,35,35,35,35,35,21,210
hitmontop,2,159.0,14,480,3,fighting,1,50,95,95,35,110,70,25,455
makuhita,3,47.0,10,864,3,fighting,1,72,60,30,20,30,25,28,237
combusken,3,142.0,9,195,2,fighting,2,60,85,60,85,60,55,36,405
combusken,3,142.0,9,195,2,fire,1,60,85,60,85,60,55,36,405
blaziken,3,265.0,19,520,2,fighting,2,80,120,70,110,70,80,41,530
blaziken,3,265.0,19,520,2,fire,1,80,120,70,110,70,80,41,530
breloom,3,161.0,12,392,3,fighting,2,60,130,80,60,60,70,32,460
breloom,3,161.0,12,392,3,grass,1,60,130,80,60,60,70,32,460
hariyama,3,166.0,23,2538,3,fighting,1,144,120,60,40,60,50,29,474
meditite,3,56.0,6,112,2,fighting,1,30,40,55,40,55,60,34,280
meditite,3,56.0,6,112,2,psychic,2,30,40,55,40,55,60,34,280
medicham,3,144.0,13,315,2,fighting,1,60,60,75,60,75,80,35,410
medicham,3,144.0,13,315,2,psychic,2,60,60,75,60,75,80,35,410
riolu,4,57.0,7,202,3,fighting,1,40,70,40,35,40,60,24,285
croagunk,4,60.0,7,230,3,fighting,2,48,61,40,61,40,50,20,300
croagunk,4,60.0,7,230,3,poison,1,48,61,40,61,40,50,20,300
infernape,4,240.0,12,550,2,fighting,2,76,104,71,104,71,108,33,534
infernape,4,240.0,12,550,2,fire,1,76,104,71,104,71,108,33,534
lucario,4,184.0,12,540,3,fighting,1,70,110,70,115,70,90,27,525
gallade,4,259.0,16,520,3,fighting,2,68,125,65,65,115,80,37,518
gallade,4,259.0,16,520,3,psychic,1,68,125,65,65,115,80,37,518
monferno,4,142.0,9,220,2,fighting,2,64,78,52,78,52,81,28,405
monferno,4,142.0,9,220,2,fire,1,64,78,52,78,52,81,28,405
toxicroak,4,172.0,13,444,3,fighting,2,83,106,65,86,65,85,21,490
toxicroak,4,172.0,13,444,3,poison,1,83,106,65,86,65,85,21,490
gurdurr,5,142.0,12,400,3,fighting,1,85,105,85,40,50,40,22,405
pignite,5,146.0,10,555,2,fighting,2,90,93,55,70,55,55,24,418
pignite,5,146.0,10,555,2,fire,1,90,93,55,70,55,55,24,418
emboar,5,238.0,16,1500,2,fighting,2,110,123,65,100,65,65,26,528
emboar,5,238.0,16,1500,2,fire,1,110,123,65,100,65,65,26,528
timburr,5,61.0,6,125,3,fighting,1,75,80,55,25,35,35,23,305
throh,5,163.0,13,555,3,fighting,1,120,100,85,30,85,45,20,465
sawk,5,163.0,14,510,3,fighting,1,75,125,75,30,75,85,20,465
scraggy,5,70.0,6,118,3,fighting,2,50,75,70,35,70,48,23,348
conkeldurr,5,253.0,14,870,3,fighting,1,105,140,95,55,65,45,25,505
mienfoo,5,70.0,9,200,3,fighting,1,45,85,50,55,50,65,22,350
cobalion,5,290.0,21,2500,1,fighting,2,91,90,129,90,72,108,18,580
terrakion,5,290.0,19,2600,1,fighting,2,91,129,90,72,90,108,19,580
terrakion,5,290.0,19,2600,1,rock,1,91,129,90,72,90,108,19,580
virizion,5,290.0,20,2000,1,fighting,2,91,90,72,90,129,108,20,580
virizion,5,290.0,20,2000,1,grass,1,91,90,72,90,129,108,20,580
scrafty,5,171.0,11,300,3,fighting,2,65,90,115,45,115,58,27,488
mienshao,5,179.0,14,355,3,fighting,1,65,125,60,95,60,105,24,510
pancham,6,70.0,6,80,3,fighting,1,67,82,62,46,48,43,24,348
hawlucha,6,175.0,8,215,3,fighting,1,78,92,75,74,63,118,26,500
hawlucha,6,175.0,8,215,3,flying,2,78,92,75,74,63,118,26,500
chesnaught,6,239.0,16,900,2,fighting,2,88,107,122,74,75,64,28,530
chesnaught,6,239.0,16,900,2,grass,1,88,107,122,74,75,64,28,530
pangoro,6,173.0,21,1360,3,fighting,1,95,124,78,69,71,58,26,495
crabrawler,7,68.0,6,70,3,fighting,1,47,82,57,42,47,63,19,338
passimian,7,172.0,20,828,2,fighting,1,100,120,90,40,60,80,20,490
buzzwole,7,285.0,24,3336,1,fighting,2,107,139,139,53,53,79,15,570
buzzwole,7,285.0,24,3336,1,bug,1,107,139,139,53,53,79,15,570
pheromosa,7,285.0,18,250,1,fighting,2,71,137,37,137,37,151,15,570
pheromosa,7,285.0,18,250,1,bug,1,71,137,37,137,37,151,15,570
marshadow,7,300.0,7,222,1,fighting,1,90,125,80,90,90,125,17,600
marshadow,7,300.0,7,222,1,ghost,2,90,125,80,90,90,125,17,600
crabominable,7,167.0,17,1800,3,fighting,1,97,132,77,62,67,43,21,478
crabominable,7,167.0,17,1800,3,ice,2,97,132,77,62,67,43,21,478
hakamo-o,7,147.0,12,470,3,fighting,2,55,75,90,65,70,65,20,420
hakamo-o,7,147.0,12,470,3,dragon,1,55,75,90,65,70,65,20,420
kommo-o,7,300.0,16,782,3,fighting,2,75,110,125,100,105,85,25,600
kommo-o,7,300.0,16,782,3,dragon,1,75,110,125,100,105,85,25,600
clobbopus,8,62.0,6,40,2,fighting,1,50,68,60,50,50,32,10,310
falinks,8,165.0,30,620,2,fighting,1,65,100,100,70,60,75,13,470
zamazenta,8,335.0,29,2100,1,fighting,1,92,120,115,80,115,138,16,660
kubfu,8,77.0,6,120,1,fighting,1,60,90,60,53,50,72,17,385
grapploct,8,168.0,16,390,2,fighting,1,80,118,90,70,80,42,13,480
sirfetchd,8,177.0,8,1170,2,fighting,1,62,135,95,68,82,65,9,507
sneasler,8,,13,430,3,fighting,1,80,130,60,40,80,120,17,510
sneasler,8,,13,430,3,poison,2,80,130,60,40,80,120,17,510
flamigo,9,,16,370,3,fighting,2,82,115,74,75,64,90,15,500
flamigo,9,,16,370,3,flying,1,82,115,74,75,64,90,15,500
great-tusk,9,,22,3200,2,fighting,2,115,131,131,53,53,87,12,570
great-tusk,9,,22,3200,2,ground,1,115,131,131,53,53,87,12,570
slither-wing,9,,32,920,2,fighting,2,85,135,79,85,105,81,16,570
slither-wing,9,,32,920,2,bug,1,85,135,79,85,105,81,16,570
iron-hands,9,,18,3807,2,fighting,1,154,140,108,50,68,50,22,570
iron-hands,9,,18,3807,2,electric,2,154,140,108,50,68,50,22,570
annihilape,9,,12,560,3,fighting,1,110,115,80,50,90,90,26,535
annihilape,9,,12,560,3,ghost,2,110,115,80,50,90,90,26,535
iron-valiant,9,,14,350,2,fighting,2,74,130,90,120,60,116,21,590
koraidon,9,,25,3030,2,fighting,1,100,135,115,85,100,135,17,670
koraidon,9,,25,3030,2,dragon,2,100,135,115,85,100,135,17,670
okidogi,9,,18,922,2,fighting,2,88,128,115,58,86,80,15,555
okidogi,9,,18,922,2,poison,1,88,128,115,58,86,80,15,555
quaquaval,9,,18,619,2,fighting,2,85,120,80,85,75,85,17,530
quaquaval,9,,18,619,2,water,1,85,120,80,85,75,85,17,530
pawmo,9,,4,65,3,fighting,2,60,75,40,50,40,85,18,350
pawmo,9,,4,65,3,electric,1,60,75,40,50,40,85,18,350
pawmot,9,,9,410,3,fighting,2,70,115,70,70,60,105,23,490
pawmot,9,,9,410,3,electric,1,70,115,70,70,60,105,23,490
zubat,1,49.0,8,75,2,flying,2,40,45,35,30,40,55,27,245
zubat,1,49.0,8,75,2,poison,1,40,45,35,30,40,55,27,245
charizard,1,267.0,17,905,2,flying,2,78,84,78,109,85,100,46,534
charizard,1,267.0,17,905,2,fire,1,78,84,78,109,85,100,46,534
butterfree,1,198.0,11,320,2,flying,2,60,45,50,90,80,70,32,395
butterfree,1,198.0,11,320,2,bug,1,60,45,50,90,80,70,32,395
golbat,1,159.0,16,550,2,flying,2,75,80,70,65,75,90,27,455
golbat,1,159.0,16,550,2,poison,1,75,80,70,65,75,90,27,455
scyther,1,100.0,15,560,3,flying,2,70,110,80,55,80,105,24,500
scyther,1,100.0,15,560,3,bug,1,70,110,80,55,80,105,24,500
aerodactyl,1,180.0,18,590,3,flying,2,80,105,65,60,75,130,29,515
aerodactyl,1,180.0,18,590,3,rock,1,80,105,65,60,75,130,29,515
articuno,1,290.0,17,554,2,flying,2,90,85,100,95,125,85,29,580
articuno,1,290.0,17,554,2,ice,1,90,85,100,95,125,85,29,580
zapdos,1,290.0,16,526,2,flying,2,90,90,85,125,90,100,28,580
zapdos,1,290.0,16,526,2,electric,1,90,90,85,125,90,100,28,580
moltres,1,290.0,20,600,2,flying,2,90,100,90,125,85,90,28,580
moltres,1,290.0,20,600,2,fire,1,90,100,90,125,85,90,28,580
gyarados,1,189.0,65,2350,2,flying,2,95,125,79,60,100,81,36,540
gyarados,1,189.0,65,2350,2,water,1,95,125,79,60,100,81,36,540
dragonite,1,300.0,22,2100,2,flying,2,91,134,95,100,100,80,53,600
dragonite,1,300.0,22,2100,2,dragon,1,91,134,95,100,100,80,53,600
ledyba,2,53.0,10,108,3,flying,2,40,20,30,40,80,55,27,265
ledyba,2,53.0,10,108,3,bug,1,40,20,30,40,80,55,27,265
natu,2,64.0,2,20,3,flying,2,40,50,45,70,45,70,23,320
natu,2,64.0,2,20,3,psychic,1,40,50,45,70,45,70,23,320
hoppip,2,50.0,4,5,3,flying,2,35,35,40,35,55,50,27,250
hoppip,2,50.0,4,5,3,grass,1,35,35,40,35,55,50,27,250
yanma,2,78.0,12,380,3,flying,2,65,65,45,75,45,95,25,390
yanma,2,78.0,12,380,3,bug,1,65,65,45,75,45,95,25,390
murkrow,2,81.0,5,21,3,flying,2,60,85,42,85,42,91,25,405
gligar,2,86.0,11,648,3,flying,2,65,75,105,35,65,85,28,430
gligar,2,86.0,11,648,3,ground,1,65,75,105,35,65,85,28,430
delibird,2,116.0,9,160,3,flying,2,45,55,45,65,45,75,26,330
delibird,2,116.0,9,160,3,ice,1,45,55,45,65,45,75,26,330
ledian,2,137.0,14,356,3,flying,2,55,35,50,55,110,85,24,390
ledian,2,137.0,14,356,3,bug,1,55,35,50,55,110,85,24,390
crobat,2,268.0,18,750,2,flying,2,85,90,80,70,80,130,20,535
crobat,2,268.0,18,750,2,poison,1,85,90,80,70,80,130,20,535
xatu,2,165.0,15,150,3,flying,2,65,75,70,95,70,95,22,470
xatu,2,165.0,15,150,3,psychic,1,65,75,70,95,70,95,22,470
skiploom,2,119.0,6,10,3,flying,2,55,45,50,45,65,80,23,340
skiploom,2,119.0,6,10,3,grass,1,55,45,50,45,65,80,23,340
jumpluff,2,207.0,8,30,3,flying,2,75,55,70,55,95,110,24,460
jumpluff,2,207.0,8,30,3,grass,1,75,55,70,55,95,110,24,460
skarmory,2,163.0,17,505,3,flying,2,65,80,140,40,70,70,26,465
lugia,2,340.0,52,2160,2,flying,2,106,90,130,90,154,110,33,680
lugia,2,340.0,52,2160,2,psychic,1,106,90,130,90,154,110,33,680
ho-oh,2,340.0,38,1990,2,flying,2,106,130,90,110,154,90,30,680
ho-oh,2,340.0,38,1990,2,fire,1,106,130,90,110,154,90,30,680
mantine,2,170.0,21,2200,3,flying,2,85,40,70,80,140,70,32,485
mantine,2,170.0,21,2200,3,water,1,85,40,70,80,140,70,32,485
wingull,3,54.0,6,95,3,flying,2,40,30,30,55,30,85,23,270
wingull,3,54.0,6,95,3,water,1,40,30,30,55,30,85,23,270
beautifly,3,178.0,10,284,2,flying,2,60,70,50,100,50,65,22,395
beautifly,3,178.0,10,284,2,bug,1,60,70,50,100,50,65,22,395
pelipper,3,154.0,12,280,3,flying,2,60,50,100,95,70,65,24,440
pelipper,3,154.0,12,280,3,water,1,60,50,100,95,70,65,24,440
masquerain,3,159.0,8,36,2,flying,2,70,60,62,100,82,80,30,454
masquerain,3,159.0,8,36,2,bug,1,70,60,62,100,82,80,30,454
ninjask,3,160.0,8,120,2,flying,2,61,90,45,50,50,160,23,456
ninjask,3,160.0,8,120,2,bug,1,61,90,45,50,50,160,23,456
tropius,3,161.0,20,1000,3,flying,2,99,68,83,72,87,51,27,460
tropius,3,161.0,20,1000,3,grass,1,99,68,83,72,87,51,27,460
altaria,3,172.0,11,206,2,flying,2,75,70,90,70,105,80,27,490
altaria,3,172.0,11,206,2,dragon,1,75,70,90,70,105,80,27,490
salamence,3,300.0,15,1026,2,flying,2,95,135,80,110,80,100,27,600
salamence,3,300.0,15,1026,2,dragon,1,95,135,80,110,80,100,27,600
rayquaza,3,340.0,70,2065,1,flying,2,105,150,90,150,90,95,29,680
rayquaza,3,340.0,70,2065,1,dragon,1,105,150,90,150,90,95,29,680
combee,4,49.0,3,55,2,flying,2,30,30,42,30,42,70,3,244
combee,4,49.0,3,55,2,bug,1,30,30,42,30,42,70,3,244
drifloon,4,70.0,4,12,3,flying,2,90,50,34,60,44,70,27,348
drifloon,4,70.0,4,12,3,ghost,1,90,50,34,60,44,70,27,348
mothim,4,148.0,9,233,2,flying,2,70,94,50,94,50,66,16,424
mothim,4,148.0,9,233,2,bug,1,70,94,50,94,50,66,16,424
vespiquen,4,166.0,12,385,2,flying,2,70,80,102,80,102,40,18,474
vespiquen,4,166.0,12,385,2,bug,1,70,80,102,80,102,40,18,474
drifblim,4,174.0,12,150,3,flying,2,150,80,44,90,54,80,26,498
drifblim,4,174.0,12,150,3,ghost,1,150,80,44,90,54,80,26,498
honchkrow,4,177.0,9,273,3,flying,2,100,125,52,105,52,71,19,505
mantyke,4,69.0,10,650,3,flying,2,45,20,50,60,120,50,26,345
mantyke,4,69.0,10,650,3,water,1,45,20,50,60,120,50,26,345
yanmega,4,180.0,19,515,3,flying,2,86,76,86,116,56,95,26,515
yanmega,4,180.0,19,515,3,bug,1,86,76,86,116,56,95,26,515
gliscor,4,179.0,20,425,3,flying,2,75,95,125,45,75,95,27,510
gliscor,4,179.0,20,425,3,ground,1,75,95,125,45,75,95,27,510
woobat,5,65.0,4,21,3,flying,2,65,45,43,55,43,72,17,323
woobat,5,65.0,4,21,3,psychic,1,65,45,43,55,43,72,17,323
swoobat,5,149.0,9,105,3,flying,2,67,57,55,77,55,114,18,425
swoobat,5,149.0,9,105,3,psychic,1,67,57,55,77,55,114,18,425
sigilyph,5,172.0,14,140,3,flying,2,72,58,80,103,80,97,23,490
sigilyph,5,172.0,14,140,3,psychic,1,72,58,80,103,80,97,23,490
archen,5,71.0,5,95,1,flying,2,55,112,45,74,45,70,17,401
archen,5,71.0,5,95,1,rock,1,55,112,45,74,45,70,17,401
ducklett,5,61.0,5,55,3,flying,2,62,44,50,44,50,55,14,305
ducklett,5,61.0,5,55,3,water,1,62,44,50,44,50,55,14,305
emolga,5,150.0,4,50,2,flying,2,55,75,60,75,60,103,16,428
emolga,5,150.0,4,50,2,electric,1,55,75,60,75,60,103,16,428
vullaby,5,74.0,5,90,3,flying,2,70,55,75,45,65,60,14,370
archeops,5,177.0,14,320,1,flying,2,75,140,65,112,65,110,19,567
archeops,5,177.0,14,320,1,rock,1,75,140,65,112,65,110,19,567
swanna,5,166.0,13,242,3,flying,2,75,87,63,87,63,98,16,473
swanna,5,166.0,13,242,3,water,1,75,87,63,87,63,98,16,473
mandibuzz,5,179.0,12,395,3,flying,2,110,65,105,55,95,80,16,510
noibat,6,49.0,5,80,3,flying,1,40,30,35,45,40,55,24,245
noibat,6,49.0,5,80,3,dragon,2,40,30,35,45,40,55,24,245
yveltal,6,340.0,58,2030,1,flying,2,126,131,95,131,98,99,16,680
fletchinder,6,134.0,7,160,2,flying,2,62,73,55,56,52,84,19,382
fletchinder,6,134.0,7,160,2,fire,1,62,73,55,56,52,84,19,382
talonflame,6,175.0,12,245,2,flying,2,78,81,71,74,69,126,21,499
talonflame,6,175.0,12,245,2,fire,1,78,81,71,74,69,126,21,499
vivillon,6,185.0,12,170,3,flying,2,80,52,50,90,50,89,18,411
vivillon,6,185.0,12,170,3,bug,1,80,52,50,90,50,89,18,411
noivern,6,187.0,15,850,3,flying,1,85,70,80,97,80,123,28,535
noivern,6,187.0,15,850,3,dragon,2,85,70,80,97,80,123,28,535
rowlet,7,64.0,3,15,2,flying,2,68,55,55,50,50,42,18,320
rowlet,7,64.0,3,15,2,grass,1,68,55,55,50,50,42,18,320
celesteela,7,285.0,92,9999,1,flying,2,97,101,103,107,101,61,21,570
dartrix,7,147.0,7,160,2,flying,2,78,75,75,70,70,52,18,420
dartrix,7,147.0,7,160,2,grass,1,78,75,75,70,70,52,18,420
rookidee,8,49.0,2,18,3,flying,1,38,47,35,33,35,57,13,245
corvisquire,8,128.0,8,160,3,flying,1,68,67,55,43,55,77,11,365
corviknight,8,248.0,22,750,3,flying,1,98,87,105,53,85,67,17,495
cramorant,8,166.0,8,180,1,flying,1,70,85,55,85,95,85,16,475
cramorant,8,166.0,8,180,1,water,2,70,85,55,85,95,85,16,475
wattrel,9,,4,36,3,flying,2,40,40,35,55,40,70,13,280
wattrel,9,,4,36,3,electric,1,40,40,35,55,40,70,13,280
bombirdier,9,,15,429,3,flying,1,70,103,85,60,85,82,11,485
iron-jugulis,9,,13,1110,2,flying,2,94,80,86,122,80,108,13,570
kilowattrel,9,,14,386,3,flying,2,70,70,60,105,60,125,14,490
kilowattrel,9,,14,386,3,electric,1,70,70,60,105,60,125,14,490
bulbasaur,1,64.0,7,69,2,poison,2,45,49,49,65,65,45,35,318
bulbasaur,1,64.0,7,69,2,grass,1,45,49,49,65,65,45,35,318
weedle,1,39.0,3,32,2,poison,2,40,35,30,20,20,50,2,195
weedle,1,39.0,3,32,2,bug,1,40,35,30,20,20,50,2,195
ekans,1,58.0,20,69,3,poison,1,35,60,44,40,54,55,30,288
nidoran-f,1,55.0,4,70,3,poison,1,55,47,52,40,40,41,34,275
nidoran-m,1,55.0,5,90,3,poison,1,46,57,40,40,40,50,37,273
oddish,1,64.0,5,54,2,poison,2,45,50,55,75,65,30,25,320
oddish,1,64.0,5,54,2,grass,1,45,50,55,75,65,30,25,320
venonat,1,61.0,10,300,3,poison,2,60,55,50,40,55,45,31,305
venonat,1,61.0,10,300,3,bug,1,60,55,50,40,55,45,31,305
bellsprout,1,60.0,7,40,2,poison,2,50,75,35,70,30,40,27,300
bellsprout,1,60.0,7,40,2,grass,1,50,75,35,70,30,40,27,300
tentacool,1,67.0,9,455,3,poison,2,40,40,35,50,100,70,36,335
tentacool,1,67.0,9,455,3,water,1,40,40,35,50,100,70,36,335
venusaur,1,263.0,20,1000,2,poison,2,80,82,83,100,100,80,35,525
venusaur,1,263.0,20,1000,2,grass,1,80,82,83,100,100,80,35,525
kakuna,1,72.0,6,100,1,poison,2,45,25,50,25,25,35,2,205
kakuna,1,72.0,6,100,1,bug,1,45,25,50,25,25,35,2,205
beedrill,1,178.0,10,295,2,poison,2,65,90,40,45,80,75,28,395
beedrill,1,178.0,10,295,2,bug,1,65,90,40,45,80,75,28,395
arbok,1,157.0,35,650,3,poison,1,60,95,69,65,79,80,30,448
nidorina,1,128.0,8,200,3,poison,1,70,62,67,55,55,56,35,365
nidoqueen,1,253.0,13,600,3,poison,1,90,92,87,75,85,76,52,505
nidoqueen,1,253.0,13,600,3,ground,2,90,92,87,75,85,76,52,505
nidorino,1,128.0,9,195,3,poison,1,61,72,57,55,55,65,35,365
nidoking,1,253.0,14,620,3,poison,1,81,102,77,85,75,85,53,505
nidoking,1,253.0,14,620,3,ground,2,81,102,77,85,75,85,53,505
gloom,1,138.0,8,86,2,poison,2,60,65,70,85,75,40,25,395
gloom,1,138.0,8,86,2,grass,1,60,65,70,85,75,40,25,395
vileplume,1,245.0,12,186,2,poison,2,75,80,85,110,90,50,27,490
vileplume,1,245.0,12,186,2,grass,1,75,80,85,110,90,50,27,490
venomoth,1,158.0,15,125,3,poison,2,70,65,60,90,75,90,37,450
venomoth,1,158.0,15,125,3,bug,1,70,65,60,90,75,90,37,450
weepinbell,1,137.0,10,64,2,poison,2,65,90,50,85,45,55,29,390
weepinbell,1,137.0,10,64,2,grass,1,65,90,50,85,45,55,29,390
victreebel,1,221.0,17,155,2,poison,2,80,105,65,100,70,70,30,490
victreebel,1,221.0,17,155,2,grass,1,80,105,65,100,70,70,30,490
tentacruel,1,180.0,16,550,3,poison,2,80,70,65,80,120,100,36,515
tentacruel,1,180.0,16,550,3,water,1,80,70,65,80,120,100,36,515
grimer,1,65.0,9,300,3,poison,1,80,80,50,40,50,25,36,325
gastly,1,62.0,13,1,1,poison,2,30,35,30,100,35,80,27,310
gastly,1,62.0,13,1,1,ghost,1,30,35,30,100,35,80,27,310
koffing,1,68.0,6,10,3,poison,1,40,65,95,60,45,35,26,340
muk,1,175.0,12,300,3,poison,1,105,105,75,65,100,50,37,500
haunter,1,142.0,16,1,1,poison,2,45,50,45,115,55,95,27,405
haunter,1,142.0,16,1,1,ghost,1,45,50,45,115,55,95,27,405
gengar,1,250.0,15,405,1,poison,2,60,65,60,130,75,110,40,500
gengar,1,250.0,15,405,1,ghost,1,60,65,60,130,75,110,40,500
weezing,1,172.0,12,95,3,poison,1,65,90,120,85,70,60,26,490
ivysaur,1,142.0,10,130,2,poison,2,60,62,63,80,80,60,33,405
ivysaur,1,142.0,10,130,2,grass,1,60,62,63,80,80,60,33,405
spinarak,2,50.0,5,85,3,poison,2,40,60,40,40,40,30,25,250
spinarak,2,50.0,5,85,3,bug,1,40,60,40,40,40,30,25,250
qwilfish,2,88.0,5,39,3,poison,2,65,95,85,55,55,85,30,440
qwilfish,2,88.0,5,39,3,water,1,65,95,85,55,55,85,30,440
ariados,2,140.0,11,335,3,poison,2,70,90,70,60,70,40,25,400
ariados,2,140.0,11,335,3,bug,1,70,90,70,60,70,40,25,400
dustox,3,173.0,12,316,2,poison,2,60,50,70,50,90,65,22,385
dustox,3,173.0,12,316,2,bug,1,60,50,70,50,90,65,22,385
gulpin,3,60.0,4,103,3,poison,1,70,43,53,43,53,40,28,302
seviper,3,160.0,27,525,2,poison,1,73,100,60,100,60,65,23,458
roselia,3,140.0,3,20,3,poison,2,50,60,45,100,80,65,22,400
roselia,3,140.0,3,20,3,grass,1,50,60,45,100,80,65,22,400
swalot,3,163.0,17,800,3,poison,1,100,73,83,73,83,55,29,467
budew,4,56.0,2,12,3,poison,2,40,30,35,50,70,55,16,280
budew,4,56.0,2,12,3,grass,1,40,30,35,50,70,55,16,280
stunky,4,66.0,4,192,3,poison,1,63,63,47,41,41,74,26,329
skorupi,4,66.0,8,120,3,poison,1,40,50,90,30,55,65,21,330
skorupi,4,66.0,8,120,3,bug,2,40,50,90,30,55,65,21,330
roserade,4,258.0,9,145,3,poison,2,60,70,65,125,105,90,19,515
roserade,4,258.0,9,145,3,grass,1,60,70,65,125,105,90,19,515
skuntank,4,168.0,10,380,3,poison,1,103,93,67,71,61,84,28,479
drapion,4,175.0,13,615,3,poison,1,70,90,110,60,75,95,21,500
whirlipede,5,126.0,12,585,3,poison,2,40,55,99,40,79,47,12,360
whirlipede,5,126.0,12,585,3,bug,1,40,55,99,40,79,47,12,360
scolipede,5,243.0,25,2005,3,poison,2,60,100,89,55,69,112,19,485
scolipede,5,243.0,25,2005,3,bug,1,60,100,89,55,69,112,19,485
venipede,5,52.0,4,53,3,poison,2,30,45,59,30,39,57,14,260
venipede,5,52.0,4,53,3,bug,1,30,45,59,30,39,57,14,260
trubbish,5,66.0,6,310,3,poison,1,50,50,62,40,62,65,14,329
foongus,5,59.0,2,10,2,poison,2,69,55,45,55,55,15,15,294
foongus,5,59.0,2,10,2,grass,1,69,55,45,55,55,15,15,294
garbodor,5,166.0,19,1073,3,poison,1,80,95,82,60,82,75,18,474
amoonguss,5,162.0,6,105,2,poison,2,114,85,70,85,80,30,14,464
amoonguss,5,162.0,6,105,2,grass,1,114,85,70,85,80,30,14,464
skrelp,6,64.0,5,73,3,poison,1,50,60,60,60,60,30,17,320
skrelp,6,64.0,5,73,3,water,2,50,60,60,60,60,30,17,320
dragalge,6,173.0,18,815,3,poison,1,65,75,90,97,123,44,18,494
dragalge,6,173.0,18,815,3,dragon,2,65,75,90,97,123,44,18,494
mareanie,7,61.0,4,80,3,poison,1,50,53,62,43,52,45,15,305
mareanie,7,61.0,4,80,3,water,2,50,53,62,43,52,45,15,305
salandit,7,64.0,6,48,2,poison,1,48,44,40,71,40,77,18,320
salandit,7,64.0,6,48,2,fire,2,48,44,40,71,40,77,18,320
nihilego,7,285.0,12,555,1,poison,2,109,53,47,127,131,103,19,570
nihilego,7,285.0,12,555,1,rock,1,109,53,47,127,131,103,19,570
poipole,7,210.0,6,18,1,poison,1,67,73,67,73,67,73,8,420
toxapex,7,173.0,7,145,3,poison,1,50,63,152,53,142,35,18,495
toxapex,7,173.0,7,145,3,water,2,50,63,152,53,142,35,18,495
salazzle,7,168.0,12,222,2,poison,1,68,64,60,111,60,117,21,480
salazzle,7,168.0,12,222,2,fire,2,68,64,60,111,60,117,21,480
naganadel,7,270.0,36,1500,1,poison,1,73,73,73,127,73,121,17,540
naganadel,7,270.0,36,1500,1,dragon,2,73,73,73,127,73,121,17,540
toxel,8,48.0,4,110,3,poison,2,40,38,35,54,35,40,4,242
toxel,8,48.0,4,110,3,electric,1,40,38,35,54,35,40,4,242
eternatus,8,345.0,200,9500,1,poison,1,140,85,95,145,95,130,17,690
eternatus,8,345.0,200,9500,1,dragon,2,140,85,95,145,95,130,17,690
overqwil,8,,25,605,3,poison,2,85,115,95,65,65,85,20,510
varoom,9,,10,350,2,poison,2,45,70,63,30,45,47,13,300
glimmet,9,,7,80,2,poison,2,48,35,42,105,60,60,12,350
glimmet,9,,7,80,2,rock,1,48,35,42,105,60,60,12,350
iron-moth,9,,12,360,2,poison,2,80,70,60,140,110,110,18,570
iron-moth,9,,12,360,2,fire,1,80,70,60,140,110,110,18,570
revavroom,9,,18,1200,2,poison,2,80,119,90,54,67,90,14,500
glimmora,9,,15,450,2,poison,2,83,55,90,130,81,86,13,525
glimmora,9,,15,450,2,rock,1,83,55,90,130,81,86,13,525
clodsire,9,,18,2230,3,poison,1,130,75,60,45,100,20,19,430
clodsire,9,,18,2230,3,ground,2,130,75,60,45,100,20,19,430
munkidori,9,,10,122,2,poison,1,88,75,66,130,90,106,13,555
munkidori,9,,10,122,2,psychic,2,88,75,66,130,90,106,13,555
fezandipiti,9,,14,301,2,poison,1,88,91,82,70,125,99,15,555
pecharunt,9,,3,3,1,poison,1,88,88,160,88,88,88,9,600
pecharunt,9,,3,3,1,ghost,2,88,88,160,88,88,88,9,600
sandshrew,1,60.0,6,120,2,ground,1,50,75,85,20,30,40,34,300
diglett,1,53.0,2,8,3,ground,1,10,55,25,35,45,95,24,265
geodude,1,60.0,4,200,3,ground,2,40,80,100,30,30,20,32,300
geodude,1,60.0,4,200,3,rock,1,40,80,100,30,30,20,32,300
sandslash,1,158.0,10,295,2,ground,1,75,100,110,45,55,65,36,450
dugtrio,1,149.0,7,333,3,ground,1,35,100,50,50,70,120,26,425
graveler,1,137.0,10,1050,3,ground,2,55,95,115,45,45,35,32,390
graveler,1,137.0,10,1050,3,rock,1,55,95,115,45,45,35,32,390
onix,1,77.0,88,2100,3,ground,2,35,45,160,30,45,70,27,385
onix,1,77.0,88,2100,3,rock,1,35,45,160,30,45,70,27,385
cubone,1,64.0,4,65,3,ground,1,50,50,95,40,50,35,42,320
rhyhorn,1,69.0,10,1150,3,ground,1,80,85,95,30,30,25,36,345
rhyhorn,1,69.0,10,1150,3,rock,2,80,85,95,30,30,25,36,345
marowak,1,149.0,10,450,3,ground,1,60,80,110,50,80,45,42,425
rhydon,1,170.0,19,1200,3,ground,1,105,130,120,45,45,40,49,485
rhydon,1,170.0,19,1200,3,rock,2,105,130,120,45,45,40,49,485
golem,1,223.0,14,3000,3,ground,2,80,120,130,55,65,45,35,495
golem,1,223.0,14,3000,3,rock,1,80,120,130,55,65,45,35,495
wooper,2,42.0,4,85,3,ground,2,55,45,45,25,25,15,29,210
wooper,2,42.0,4,85,3,water,1,55,45,45,25,25,15,29,210
swinub,2,50.0,4,65,3,ground,2,50,50,40,30,30,50,25,250
swinub,2,50.0,4,65,3,ice,1,50,50,40,30,30,50,25,250
quagsire,2,151.0,14,750,3,ground,2,95,85,85,65,65,35,32,430
quagsire,2,151.0,14,750,3,water,1,95,85,85,65,65,35,32,430
steelix,2,179.0,92,4000,3,ground,2,75,85,200,55,65,30,25,510
piloswine,2,158.0,11,558,3,ground,2,100,100,80,60,60,50,30,450
piloswine,2,158.0,11,558,3,ice,1,100,100,80,60,60,50,30,450
phanpy,2,66.0,5,335,2,ground,1,90,60,60,40,40,40,22,330
larvitar,2,60.0,6,720,2,ground,2,50,64,50,45,50,41,21,300
larvitar,2,60.0,6,720,2,rock,1,50,64,50,45,50,41,21,300
donphan,2,175.0,11,1200,2,ground,1,90,120,120,60,60,50,22,500
pupitar,2,144.0,12,1520,1,ground,2,70,84,70,65,70,51,20,410
pupitar,2,144.0,12,1520,1,rock,1,70,84,70,65,70,51,20,410
nincada,3,53.0,5,55,2,ground,2,31,45,90,30,30,40,19,266
nincada,3,53.0,5,55,2,bug,1,31,45,90,30,30,40,19,266
marshtomp,3,142.0,7,280,2,ground,2,70,85,70,60,70,50,37,405
marshtomp,3,142.0,7,280,2,water,1,70,85,70,60,70,50,37,405
swampert,3,268.0,15,819,2,ground,2,100,110,90,85,90,60,38,535
swampert,3,268.0,15,819,2,water,1,100,110,90,85,90,60,38,535
numel,3,61.0,7,240,3,ground,2,60,60,40,65,45,35,25,305
numel,3,61.0,7,240,3,fire,1,60,60,40,65,45,35,25,305
trapinch,3,58.0,7,150,3,ground,1,45,100,45,45,45,10,22,290
barboach,3,58.0,4,19,3,ground,2,50,48,43,46,41,60,20,288
barboach,3,58.0,4,19,3,water,1,50,48,43,46,41,60,20,288
baltoy,3,60.0,5,215,1,ground,1,40,40,55,40,70,55,22,300
baltoy,3,60.0,5,215,1,psychic,2,40,40,55,40,70,55,22,300
camerupt,3,161.0,19,2200,3,ground,2,70,100,70,105,75,40,28,460
camerupt,3,161.0,19,2200,3,fire,1,70,100,70,105,75,40,28,460
vibrava,3,119.0,11,153,1,ground,1,50,70,50,50,50,70,27,340
vibrava,3,119.0,11,153,1,dragon,2,50,70,50,50,50,70,27,340
flygon,3,260.0,20,820,1,ground,1,80,100,80,80,80,100,35,520
flygon,3,260.0,20,820,1,dragon,2,80,100,80,80,80,100,35,520
whiscash,3,164.0,9,236,3,ground,2,110,78,73,76,71,60,23,468
whiscash,3,164.0,9,236,3,water,1,110,78,73,76,71,60,23,468
claydol,3,175.0,15,1080,1,ground,1,60,70,105,70,120,75,25,500
claydol,3,175.0,15,1080,1,psychic,2,60,70,105,70,120,75,25,500
groudon,3,335.0,35,9500,1,ground,1,100,150,140,100,90,90,33,670
gible,4,60.0,7,205,2,ground,2,58,70,45,40,45,42,24,300
gible,4,60.0,7,205,2,dragon,1,58,70,45,40,45,42,24,300
hippopotas,4,66.0,8,495,2,ground,1,68,72,78,38,42,32,19,330
torterra,4,236.0,22,3100,2,ground,2,95,109,105,75,85,56,29,525
torterra,4,236.0,22,3100,2,grass,1,95,109,105,75,85,56,29,525
gabite,4,144.0,14,560,2,ground,2,68,90,65,50,55,82,23,410
gabite,4,144.0,14,560,2,dragon,1,68,90,65,50,55,82,23,410
garchomp,4,300.0,19,950,2,ground,2,108,130,95,80,85,102,25,600
garchomp,4,300.0,19,950,2,dragon,1,108,130,95,80,85,102,25,600
hippowdon,4,184.0,20,3000,2,ground,1,108,112,118,68,72,47,19,525
rhyperior,4,268.0,24,2828,3,ground,1,115,140,130,55,55,40,37,535
rhyperior,4,268.0,24,2828,3,rock,2,115,140,130,55,55,40,37,535
gastrodon,4,166.0,9,299,3,ground,2,111,83,68,92,82,39,23,475
gastrodon,4,166.0,9,299,3,water,1,111,83,68,92,82,39,23,475
mamoswine,4,265.0,25,2910,3,ground,2,110,130,80,70,60,80,27,530
mamoswine,4,265.0,25,2910,3,ice,1,110,130,80,70,60,80,27,530
seismitoad,5,255.0,15,620,3,ground,2,105,95,75,85,75,74,21,509
seismitoad,5,255.0,15,620,3,water,1,105,95,75,85,75,74,21,509
excadrill,5,178.0,7,404,3,ground,1,110,135,60,50,65,88,19,508
krokorok,5,123.0,10,334,3,ground,1,60,82,45,45,45,74,22,351
krookodile,5,260.0,15,963,3,ground,1,95,117,80,65,70,92,23,519
drilbur,5,66.0,3,85,3,ground,1,60,85,40,30,45,68,18,328
sandile,5,58.0,7,152,3,ground,1,50,72,35,35,35,65,19,292
palpitoad,5,134.0,8,170,3,ground,2,75,65,55,65,55,69,12,384
palpitoad,5,134.0,8,170,3,water,1,75,65,55,65,55,69,12,384
stunfisk,5,165.0,7,110,3,ground,1,109,66,84,81,99,32,17,471
stunfisk,5,165.0,7,110,3,electric,2,109,66,84,81,99,32,17,471
golett,5,61.0,10,920,3,ground,1,59,74,50,35,50,35,26,303
golett,5,61.0,10,920,3,ghost,2,59,74,50,35,50,35,26,303
golurk,5,169.0,28,3300,3,ground,1,89,124,80,55,80,55,30,483
golurk,5,169.0,28,3300,3,ghost,2,89,124,80,55,80,55,30,483
mudbray,7,77.0,10,1100,3,ground,1,70,100,70,45,55,45,18,385
sandygast,7,64.0,5,700,2,ground,2,55,55,80,70,45,15,15,320
sandygast,7,64.0,5,700,2,ghost,1,55,55,80,70,45,15,15,320
mudsdale,7,175.0,25,9200,3,ground,1,100,125,100,55,85,35,18,500
palossand,7,168.0,13,2500,2,ground,2,85,75,110,100,75,35,17,480
palossand,7,168.0,13,2500,2,ghost,1,85,75,110,100,75,35,17,480
silicobra,8,63.0,22,76,3,ground,1,52,57,75,35,50,46,14,315
sandaconda,8,179.0,38,655,3,ground,1,72,107,125,65,70,71,16,510
runerigus,8,169.0,16,666,1,ground,1,58,95,145,50,105,30,11,483
runerigus,8,169.0,16,666,1,ghost,2,58,95,145,50,105,30,11,483
toedscool,9,,9,330,2,ground,1,40,40,35,50,100,70,19,335
toedscool,9,,9,330,2,grass,2,40,40,35,50,100,70,19,335
sandy-shocks,9,,23,600,2,ground,2,85,81,97,121,85,101,16,570
sandy-shocks,9,,23,600,2,electric,1,85,81,97,121,85,101,16,570
iron-treads,9,,9,2400,2,ground,1,90,112,120,72,70,106,11,570
toedscruel,9,,19,580,2,ground,1,80,70,65,80,120,100,19,515
toedscruel,9,,19,580,2,grass,2,80,70,65,80,120,100,19,515
ting-lu,9,,27,6997,2,ground,2,155,110,125,55,80,45,13,570
omanyte,1,71.0,4,75,3,rock,1,35,40,100,90,55,35,33,355
omanyte,1,71.0,4,75,3,water,2,35,40,100,90,55,35,33,355
kabuto,1,71.0,5,115,3,rock,1,30,80,90,55,45,55,33,355
kabuto,1,71.0,5,115,3,water,2,30,80,90,55,45,55,33,355
omastar,1,173.0,10,350,3,rock,1,70,60,125,115,70,55,36,495
omastar,1,173.0,10,350,3,water,2,70,60,125,115,70,55,36,495
kabutops,1,173.0,13,405,3,rock,1,60,115,105,65,70,80,41,495
kabutops,1,173.0,13,405,3,water,2,60,115,105,65,70,80,41,495
shuckle,2,177.0,6,205,3,rock,2,20,10,230,10,230,5,22,505
shuckle,2,177.0,6,205,3,bug,1,20,10,230,10,230,5,22,505
corsola,2,144.0,6,50,3,rock,2,65,55,95,65,95,35,35,410
corsola,2,144.0,6,50,3,water,1,65,55,95,65,95,35,35,410
sudowoodo,2,144.0,12,380,3,rock,1,70,100,115,30,65,30,28,410
magcargo,2,151.0,8,550,3,rock,2,60,50,120,90,80,30,29,430
magcargo,2,151.0,8,550,3,fire,1,60,50,120,90,80,30,29,430
tyranitar,2,300.0,20,2020,2,rock,1,100,134,110,95,100,61,40,600
nosepass,3,75.0,10,970,3,rock,1,30,45,135,45,90,30,24,375
aron,3,66.0,4,600,3,rock,2,50,70,100,40,40,30,20,330
lunatone,3,161.0,10,1680,1,rock,1,90,55,65,95,85,70,27,460
lunatone,3,161.0,10,1680,1,psychic,2,90,55,65,95,85,70,27,460
solrock,3,161.0,12,1540,1,rock,1,90,95,85,55,65,70,30,460
solrock,3,161.0,12,1540,1,psychic,2,90,95,85,55,65,70,30,460
lileep,3,71.0,10,238,2,rock,1,66,41,77,61,87,23,21,355
lileep,3,71.0,10,238,2,grass,2,66,41,77,61,87,23,21,355
anorith,3,71.0,7,125,2,rock,1,45,95,50,40,50,75,19,355
anorith,3,71.0,7,125,2,bug,2,45,95,50,40,50,75,19,355
relicanth,3,170.0,10,234,3,rock,2,100,90,130,45,65,55,22,485
relicanth,3,170.0,10,234,3,water,1,100,90,130,45,65,55,22,485
lairon,3,151.0,9,1200,3,rock,2,60,90,140,50,50,40,19,430
aggron,3,265.0,21,3600,3,rock,2,70,110,180,60,60,50,38,530
cradily,3,173.0,15,604,2,rock,1,86,81,97,81,107,43,25,495
cradily,3,173.0,15,604,2,grass,2,86,81,97,81,107,43,25,495
armaldo,3,173.0,15,682,2,rock,1,75,125,100,70,80,45,23,495
armaldo,3,173.0,15,682,2,bug,2,75,125,100,70,80,45,23,495
regirock,3,290.0,17,2300,2,rock,1,80,100,200,50,100,50,29,580
cranidos,4,70.0,9,315,2,rock,1,67,125,40,30,30,58,29,350
shieldon,4,70.0,5,570,2,rock,1,30,42,118,42,88,30,24,350
bonsly,4,58.0,5,150,3,rock,1,50,80,95,10,45,10,20,290
rampardos,4,173.0,16,1025,2,rock,1,97,165,60,65,50,58,32,495
bastiodon,4,173.0,13,1495,2,rock,1,60,52,168,47,138,30,26,495
probopass,4,184.0,14,3400,3,rock,1,60,55,145,75,150,40,23,525
roggenrola,5,56.0,4,180,3,rock,1,55,75,85,25,25,15,13,280
boldore,5,137.0,9,1020,3,rock,1,70,105,105,50,40,20,12,390
gigalith,5,258.0,17,2600,3,rock,1,85,135,130,60,80,25,15,515
dwebble,5,65.0,3,145,3,rock,2,50,65,85,35,35,55,15,325
dwebble,5,65.0,3,145,3,bug,1,50,65,85,35,35,55,15,325
tirtouga,5,71.0,7,165,3,rock,2,54,78,103,53,45,22,20,355
tirtouga,5,71.0,7,165,3,water,1,54,78,103,53,45,22,20,355
crustle,5,170.0,14,2000,3,rock,2,70,105,125,65,75,45,15,485
crustle,5,170.0,14,2000,3,bug,1,70,105,125,65,75,45,15,485
carracosta,5,173.0,12,810,3,rock,2,74,108,133,83,65,32,20,495
carracosta,5,173.0,12,810,3,water,1,74,108,133,83,65,32,20,495
binacle,6,61.0,5,310,3,rock,1,42,52,67,39,56,50,21,306
binacle,6,61.0,5,310,3,water,2,42,52,67,39,56,50,21,306
tyrunt,6,72.0,8,260,2,rock,1,58,89,77,45,45,48,18,362
tyrunt,6,72.0,8,260,2,dragon,2,58,89,77,45,45,48,18,362
amaura,6,72.0,13,252,2,rock,1,77,59,50,67,63,46,23,362
amaura,6,72.0,13,252,2,ice,2,77,59,50,67,63,46,23,362
carbink,6,100.0,3,57,2,rock,1,50,50,150,50,150,50,18,500
diancie,6,300.0,7,88,1,rock,1,50,100,150,100,150,50,20,600
barbaracle,6,175.0,13,960,3,rock,1,72,105,115,54,86,68,24,500
barbaracle,6,175.0,13,960,3,water,2,72,105,115,54,86,68,24,500
tyrantrum,6,182.0,25,2700,2,rock,1,82,121,119,69,59,71,18,521
tyrantrum,6,182.0,25,2700,2,dragon,2,82,121,119,69,59,71,18,521
aurorus,6,104.0,27,2250,2,rock,1,123,77,72,99,92,58,24,521
aurorus,6,104.0,27,2250,2,ice,2,123,77,72,99,92,58,24,521
rockruff,7,56.0,5,92,3,rock,1,45,65,40,30,40,60,17,280
stakataka,7,285.0,55,8200,1,rock,1,61,131,211,53,101,13,17,570
rolycoly,8,48.0,3,120,3,rock,1,30,40,50,40,50,30,11,240
drednaw,8,170.0,10,1155,3,rock,2,90,115,90,48,68,74,21,485
drednaw,8,170.0,10,1155,3,water,1,90,115,90,48,68,74,21,485
carkol,8,144.0,11,780,3,rock,1,80,60,90,60,70,50,13,410
carkol,8,144.0,11,780,3,fire,2,80,60,90,60,70,50,13,410
coalossal,8,255.0,28,3105,3,rock,1,110,80,120,80,90,30,19,510
coalossal,8,255.0,28,3105,3,fire,2,110,80,120,80,90,30,19,510
stonjourner,8,165.0,25,5200,1,rock,1,100,125,135,20,20,70,12,470
kleavor,8,,18,890,3,rock,2,70,135,95,45,70,85,15,500
kleavor,8,,18,890,3,bug,1,70,135,95,45,70,85,15,500
nacli,9,,4,160,3,rock,1,55,55,75,35,35,25,13,280
klawf,9,,13,790,3,rock,1,70,100,115,35,55,75,12,450
iron-thorns,9,,16,3030,2,rock,1,100,134,110,70,84,72,25,570
iron-thorns,9,,16,3030,2,electric,2,100,134,110,70,84,72,25,570
iron-boulder,9,,15,1625,1,rock,1,90,120,80,68,108,124,16,590
iron-boulder,9,,15,1625,1,psychic,2,90,120,80,68,108,124,16,590
naclstack,9,,6,1050,3,rock,1,60,60,100,35,65,35,14,355
garganacl,9,,23,2400,3,rock,1,100,100,130,45,90,35,18,500
caterpie,1,39.0,3,29,2,bug,1,45,30,35,20,20,45,2,195
paras,1,57.0,3,54,3,bug,1,35,70,55,45,55,25,36,285
paras,1,57.0,3,54,3,grass,2,35,70,55,45,55,25,36,285
metapod,1,72.0,7,99,1,bug,1,50,20,55,25,25,30,2,205
parasect,1,142.0,10,295,3,bug,1,60,95,80,60,80,30,35,405
parasect,1,142.0,10,295,3,grass,2,60,95,80,60,80,30,35,405
pinsir,1,175.0,15,550,3,bug,1,65,125,100,55,70,85,30,500
pineco,2,58.0,6,72,2,bug,1,50,65,90,35,35,15,25,290
forretress,2,163.0,12,1258,2,bug,1,75,90,140,60,60,40,26,465
scizor,2,175.0,18,1180,3,bug,1,70,130,100,55,80,65,22,500
wurmple,3,56.0,3,36,2,bug,1,45,45,35,20,30,20,3,195
surskit,3,54.0,5,17,2,bug,1,40,30,32,50,52,65,25,269
surskit,3,54.0,5,17,2,water,2,40,30,32,50,52,65,25,269
silcoon,3,72.0,6,100,1,bug,1,50,35,55,25,25,15,2,205
cascoon,3,72.0,7,115,1,bug,1,50,35,55,25,25,15,2,205
shedinja,3,83.0,8,12,1,bug,1,1,90,45,30,30,40,21,236
shedinja,3,83.0,8,12,1,ghost,2,1,90,45,30,30,40,21,236
volbeat,3,151.0,7,177,3,bug,1,65,73,75,47,85,85,27,430
illumise,3,151.0,6,177,3,bug,1,65,47,75,73,85,85,27,430
kricketot,4,39.0,3,22,2,bug,1,37,25,41,25,41,25,5,194
burmy,4,45.0,2,34,2,bug,1,40,29,45,29,45,36,2,224
kricketune,4,134.0,10,255,2,bug,1,77,85,51,55,51,65,21,384
swadloon,5,133.0,5,73,3,bug,1,55,63,90,50,80,42,14,380
swadloon,5,133.0,5,73,3,grass,2,55,63,90,50,80,42,14,380
leavanny,5,225.0,12,205,3,bug,1,75,103,80,70,80,92,20,500
leavanny,5,225.0,12,205,3,grass,2,75,103,80,70,80,92,20,500
sewaddle,5,62.0,3,25,3,bug,1,45,53,70,40,60,42,16,310
sewaddle,5,62.0,3,25,3,grass,2,45,53,70,40,60,42,16,310
karrablast,5,63.0,5,59,3,bug,1,50,75,45,40,45,60,16,315
joltik,5,64.0,1,6,3,bug,1,50,47,50,57,50,65,20,319
joltik,5,64.0,1,6,3,electric,2,50,47,50,57,50,65,20,319
shelmet,5,61.0,4,77,3,bug,1,50,40,85,40,65,25,13,305
durant,5,169.0,3,330,3,bug,1,58,109,112,48,48,109,15,484
larvesta,5,72.0,11,288,2,bug,1,55,85,55,50,55,60,21,360
larvesta,5,72.0,11,288,2,fire,2,55,85,55,50,55,60,21,360
genesect,5,300.0,15,825,1,bug,1,71,120,95,120,95,99,25,600
escavalier,5,173.0,10,330,3,bug,1,70,135,105,60,105,20,17,495
galvantula,5,165.0,8,143,3,bug,1,70,77,60,97,60,108,20,472
galvantula,5,165.0,8,143,3,electric,2,70,77,60,97,60,108,20,472
accelgor,5,173.0,8,253,3,bug,1,80,70,40,100,60,145,15,495
volcarona,5,275.0,16,460,2,bug,1,85,60,65,135,105,100,24,550
volcarona,5,275.0,16,460,2,fire,2,85,60,65,135,105,100,24,550
scatterbug,6,40.0,3,25,3,bug,1,38,35,40,27,25,35,4,200
spewpa,6,75.0,3,84,2,bug,1,45,22,60,27,30,29,1,213
grubbin,7,60.0,4,44,1,bug,1,47,62,45,55,45,46,14,300
cutiefly,7,61.0,1,2,3,bug,1,40,45,40,55,40,84,12,304
dewpider,7,54.0,3,40,2,bug,2,38,40,52,40,72,27,16,269
dewpider,7,54.0,3,40,2,water,1,38,40,52,40,72,27,16,269
wimpod,7,46.0,5,120,1,bug,1,25,35,40,20,30,80,12,230
wimpod,7,46.0,5,120,1,water,2,25,35,40,20,30,80,12,230
charjabug,7,140.0,5,105,1,bug,1,57,82,95,55,75,36,15,400
charjabug,7,140.0,5,105,1,electric,2,57,82,95,55,75,36,15,400
vikavolt,7,250.0,15,450,1,bug,1,77,70,90,145,75,43,21,500
vikavolt,7,250.0,15,450,1,electric,2,77,70,90,145,75,43,21,500
ribombee,7,162.0,2,5,3,bug,1,60,55,60,95,70,124,16,464
araquanid,7,159.0,18,820,2,bug,2,68,70,92,50,132,42,18,454
araquanid,7,159.0,18,820,2,water,1,68,70,92,50,132,42,18,454
golisopod,7,186.0,20,1080,1,bug,1,75,125,140,60,90,40,18,530
golisopod,7,186.0,20,1080,1,water,2,75,125,140,60,90,40,18,530
blipbug,8,36.0,4,80,3,bug,1,25,20,20,25,45,45,2,180
dottler,8,117.0,4,195,3,bug,1,50,35,80,50,90,30,8,335
dottler,8,117.0,4,195,3,psychic,2,50,35,80,50,90,30,8,335
sizzlipede,8,61.0,7,10,3,bug,2,50,65,45,50,50,45,10,305
sizzlipede,8,61.0,7,10,3,fire,1,50,65,45,50,50,45,10,305
snom,8,37.0,3,38,2,bug,2,30,25,35,45,30,20,2,185
snom,8,37.0,3,38,2,ice,1,30,25,35,45,30,20,2,185
frosmoth,8,166.0,13,420,2,bug,2,70,65,60,125,90,65,13,475
frosmoth,8,166.0,13,420,2,ice,1,70,65,60,125,90,65,13,475
orbeetle,8,253.0,4,408,3,bug,1,60,45,110,80,120,90,13,505
orbeetle,8,253.0,4,408,3,psychic,2,60,45,110,80,120,90,13,505
centiskorch,8,184.0,30,1200,3,bug,2,100,115,65,90,90,65,13,525
centiskorch,8,184.0,30,1200,3,fire,1,100,115,65,90,90,65,13,525
tarountula,9,,3,40,2,bug,1,35,41,45,29,40,20,9,210
nymble,9,,2,10,2,bug,1,33,46,40,21,25,45,10,210
rellor,9,,2,10,2,bug,1,41,50,60,31,58,30,9,270
rabsca,9,,3,35,2,bug,1,75,50,85,115,100,45,15,470
rabsca,9,,3,35,2,psychic,2,75,50,85,115,100,45,15,470
spidops,9,,10,165,2,bug,1,60,79,92,52,86,35,10,404
lokix,9,,10,175,2,bug,1,71,102,78,52,55,92,12,450
misdreavus,2,87.0,7,10,1,ghost,1,60,60,60,85,85,85,23,435
sableye,3,133.0,5,110,3,ghost,2,50,75,75,65,65,50,35,380
shuppet,3,59.0,6,23,3,ghost,1,44,75,35,63,33,45,20,295
duskull,3,59.0,8,150,2,ghost,1,20,40,90,30,90,25,19,295
banette,3,159.0,11,125,3,ghost,1,64,115,65,83,63,65,21,455
dusclops,3,159.0,16,306,2,ghost,1,40,70,130,60,130,25,32,455
spiritomb,4,170.0,10,1080,2,ghost,1,50,92,108,92,108,35,15,485
mismagius,4,173.0,9,44,1,ghost,1,60,60,60,105,105,105,19,495
rotom,4,154.0,3,3,1,ghost,2,50,50,77,95,77,91,15,440
rotom,4,154.0,3,3,1,electric,1,50,50,77,95,77,91,15,440
dusknoir,4,263.0,22,1066,2,ghost,1,45,100,135,65,135,45,29,525
froslass,4,168.0,13,266,2,ghost,2,70,80,70,80,70,110,24,480
froslass,4,168.0,13,266,2,ice,1,70,80,70,80,70,110,24,480
yamask,5,61.0,5,15,1,ghost,1,38,30,85,55,65,30,10,303
frillish,5,67.0,12,330,3,ghost,2,55,40,50,65,85,40,24,335
frillish,5,67.0,12,330,3,water,1,55,40,50,65,85,40,24,335
litwick,5,55.0,3,31,3,ghost,1,50,30,55,65,55,20,19,275
litwick,5,55.0,3,31,3,fire,2,50,30,55,65,55,20,19,275
cofagrigus,5,169.0,17,765,1,ghost,1,58,50,145,95,105,30,11,483
jellicent,5,168.0,22,1350,3,ghost,2,100,60,70,85,105,60,22,480
jellicent,5,168.0,22,1350,3,water,1,100,60,70,85,105,60,22,480
lampent,5,130.0,6,130,3,ghost,1,60,40,60,95,60,55,18,370
lampent,5,130.0,6,130,3,fire,2,60,40,60,95,60,55,18,370
chandelure,5,260.0,10,343,3,ghost,1,60,55,90,145,90,80,19,520
chandelure,5,260.0,10,343,3,fire,2,60,55,90,145,90,80,19,520
honedge,6,65.0,8,20,1,ghost,2,45,80,100,35,37,28,11,325
phantump,6,62.0,4,70,3,ghost,1,43,70,48,50,60,38,18,309
phantump,6,62.0,4,70,3,grass,2,43,70,48,50,60,38,18,309
hoopa,6,270.0,5,90,1,ghost,2,80,110,60,150,130,70,19,600
hoopa,6,270.0,5,90,1,psychic,1,80,110,60,150,130,70,19,600
doublade,6,157.0,8,45,1,ghost,2,59,110,150,45,49,35,11,448
trevenant,6,166.0,15,710,3,ghost,1,85,110,76,65,82,56,22,474
trevenant,6,166.0,15,710,3,grass,2,85,110,76,65,82,56,22,474
dhelmise,7,181.0,39,2100,1,ghost,1,70,131,100,86,90,40,16,517
dhelmise,7,181.0,39,2100,1,grass,2,70,131,100,86,90,40,16,517
blacephalon,7,285.0,18,130,1,ghost,2,53,127,53,151,79,107,18,570
blacephalon,7,285.0,18,130,1,fire,1,53,127,53,151,79,107,18,570
decidueye,7,265.0,16,366,2,ghost,2,78,107,75,100,100,70,20,530
decidueye,7,265.0,16,366,2,grass,1,78,107,75,100,100,70,20,530
lunala,7,340.0,40,1200,1,ghost,2,137,113,89,137,107,97,25,680
lunala,7,340.0,40,1200,1,psychic,1,137,113,89,137,107,97,25,680
sinistea,8,62.0,1,2,2,ghost,1,40,45,45,74,54,50,9,308
dreepy,8,54.0,5,20,3,ghost,2,28,60,30,40,30,82,9,270
dreepy,8,54.0,5,20,3,dragon,1,28,60,30,40,30,82,9,270
spectrier,8,290.0,20,445,1,ghost,1,100,65,60,145,80,130,18,580
polteageist,8,178.0,2,4,2,ghost,1,60,65,65,134,114,70,13,508
cursola,8,179.0,10,4,2,ghost,1,60,95,50,145,130,30,23,510
drakloak,8,144.0,14,110,3,ghost,2,68,80,50,60,50,102,18,410
drakloak,8,144.0,14,110,3,dragon,1,68,80,50,60,50,102,18,410
dragapult,8,300.0,30,500,3,ghost,2,88,120,75,100,75,142,23,600
dragapult,8,300.0,30,500,3,dragon,1,88,120,75,100,75,142,23,600
bramblin,9,,6,6,2,ghost,2,40,65,30,45,35,60,10,275
bramblin,9,,6,6,2,grass,1,40,65,30,45,35,60,10,275
greavard,9,,6,350,2,ghost,1,50,61,60,30,55,34,15,290
flutter-mane,9,,14,40,2,ghost,1,55,55,55,135,135,135,10,570
gimmighoul,9,,3,50,2,ghost,1,45,30,70,75,70,10,8,300
houndstone,9,,20,150,2,ghost,1,72,101,100,50,97,68,15,488
gholdengo,9,,12,300,2,ghost,2,87,60,95,133,91,84,16,550
poltchageist,9,,1,11,2,ghost,2,40,45,45,74,54,50,9,308
poltchageist,9,,1,11,2,grass,1,40,45,45,74,54,50,9,308
sinistcha,9,,2,22,2,ghost,2,71,60,106,121,80,70,10,508
sinistcha,9,,2,22,2,grass,1,71,60,106,121,80,70,10,508
skeledirge,9,,16,3265,2,ghost,2,104,75,100,110,75,66,19,530
skeledirge,9,,16,3265,2,fire,1,104,75,100,110,75,66,19,530
ceruledge,9,,16,620,2,ghost,2,75,125,80,60,100,85,13,525
ceruledge,9,,16,620,2,fire,1,75,125,80,60,100,85,13,525
brambleghast,9,,12,60,2,ghost,2,55,115,70,80,70,90,10,480
brambleghast,9,,12,60,2,grass,1,55,115,70,80,70,90,10,480
charmander,1,62.0,6,85,2,fire,1,39,52,43,60,50,65,41,309
vulpix,1,60.0,6,99,2,fire,1,38,41,40,50,65,65,27,299
growlithe,1,70.0,7,190,3,fire,1,55,70,45,70,50,60,27,350
charmeleon,1,142.0,11,190,2,fire,1,58,64,58,80,65,80,40,405
ninetales,1,177.0,11,199,2,fire,1,73,76,75,81,100,100,31,505
arcanine,1,194.0,19,1550,3,fire,1,90,110,80,100,80,95,28,555
ponyta,1,82.0,10,300,3,fire,1,50,85,55,65,65,90,31,410
rapidash,1,175.0,17,950,3,fire,1,65,100,70,80,80,105,34,500
magmar,1,173.0,13,445,2,fire,1,65,95,57,100,85,93,37,495
flareon,1,184.0,9,250,2,fire,1,65,130,60,95,110,65,33,525
cyndaquil,2,62.0,5,79,2,fire,1,39,52,43,60,50,65,26,309
slugma,2,50.0,7,350,3,fire,1,40,40,40,70,40,20,25,250
quilava,2,142.0,9,190,2,fire,1,58,64,58,80,65,80,24,405
typhlosion,2,240.0,17,795,2,fire,1,78,84,78,109,85,100,37,534
houndour,2,66.0,6,108,3,fire,2,45,60,30,80,50,65,23,330
magby,2,73.0,7,214,2,fire,1,45,75,37,70,55,83,29,365
entei,2,290.0,21,1980,2,fire,1,115,115,85,90,75,100,27,580
houndoom,2,175.0,14,350,3,fire,2,75,90,50,110,80,95,24,500
torchic,3,62.0,4,25,2,fire,1,45,60,40,70,50,45,33,310
torkoal,3,165.0,5,804,3,fire,1,70,85,140,85,70,20,26,470
chimchar,4,62.0,5,62,2,fire,1,44,58,44,58,44,61,29,309
heatran,4,300.0,17,4300,2,fire,1,91,90,106,130,106,77,20,600
magmortar,4,270.0,16,680,2,fire,1,75,95,67,125,95,83,32,540
victini,5,300.0,4,40,1,fire,2,100,100,100,100,100,100,25,600
victini,5,300.0,4,40,1,psychic,1,100,100,100,100,100,100,25,600
tepig,5,62.0,5,99,2,fire,1,65,63,45,45,45,45,21,308
pansear,5,63.0,6,110,2,fire,1,50,53,48,53,48,64,18,316
simisear,5,174.0,10,280,2,fire,1,75,98,63,98,63,101,16,498
darumaka,5,63.0,6,375,2,fire,1,70,90,45,15,45,50,23,315
heatmor,5,169.0,14,580,3,fire,1,85,97,66,105,66,65,21,484
reshiram,5,340.0,32,3300,1,fire,2,100,120,100,150,120,90,23,680
reshiram,5,340.0,32,3300,1,dragon,1,100,120,100,150,120,90,23,680
fennekin,6,61.0,4,94,2,fire,1,40,45,40,62,60,60,20,307
volcanion,6,300.0,17,1950,1,fire,1,80,110,120,130,90,70,27,600
volcanion,6,300.0,17,1950,1,water,2,80,110,120,130,90,70,27,600
braixen,6,143.0,10,145,2,fire,1,59,59,58,90,70,73,23,409
delphox,6,240.0,15,390,2,fire,1,75,69,72,114,100,104,28,534
delphox,6,240.0,15,390,2,psychic,2,75,69,72,114,100,104,28,534
litten,7,64.0,4,43,2,fire,1,45,65,40,60,40,70,23,320
turtonator,7,170.0,20,2120,1,fire,1,60,78,135,91,85,36,18,485
turtonator,7,170.0,20,2120,1,dragon,2,60,78,135,91,85,36,18,485
torracat,7,147.0,7,250,2,fire,1,65,85,50,80,50,90,23,420
incineroar,7,265.0,18,830,2,fire,1,95,115,90,80,90,60,31,530
scorbunny,8,62.0,3,45,2,fire,1,50,71,40,40,40,69,22,310
raboot,8,147.0,6,90,2,fire,1,65,86,60,55,60,94,23,420
cinderace,8,265.0,14,330,2,fire,1,80,116,75,65,75,119,25,530
fuecoco,9,,4,98,2,fire,1,67,45,59,63,40,36,13,310
charcadet,9,,6,105,2,fire,1,40,50,40,50,40,35,10,255
scovillain,9,,9,150,3,fire,2,65,108,65,108,65,75,13,486
scovillain,9,,9,150,3,grass,1,65,108,65,108,65,75,13,486
chi-yu,9,,4,49,2,fire,2,55,80,80,135,120,100,12,570
gouging-fire,9,,35,5900,1,fire,1,105,115,121,65,93,91,15,590
gouging-fire,9,,35,5900,1,dragon,2,105,115,121,65,93,91,15,590
crocalor,9,,10,307,2,fire,1,81,55,78,90,58,49,14,411
armarouge,9,,15,850,2,fire,1,85,60,100,125,80,75,15,525
armarouge,9,,15,850,2,psychic,2,85,60,100,125,80,75,15,525
squirtle,1,63.0,5,90,2,water,1,44,48,65,50,64,43,38,314
psyduck,1,64.0,8,196,3,water,1,50,52,48,65,50,55,45,320
poliwag,1,60.0,6,124,3,water,1,40,50,40,40,40,90,33,300
wartortle,1,142.0,10,225,2,water,1,59,63,80,65,80,58,37,405
blastoise,1,265.0,16,855,2,water,1,79,83,100,85,105,78,41,530
golduck,1,175.0,17,766,3,water,1,80,82,78,95,80,85,45,500
poliwhirl,1,135.0,10,200,3,water,1,65,65,65,50,50,90,43,385
slowpoke,1,63.0,12,360,3,water,1,90,65,65,40,40,15,43,315
slowpoke,1,63.0,12,360,3,psychic,2,90,65,65,40,40,15,43,315
seel,1,65.0,11,900,3,water,1,65,45,55,45,70,45,29,325
shellder,1,61.0,3,40,3,water,1,30,65,100,45,25,40,32,305
krabby,1,65.0,4,65,3,water,1,30,105,90,25,25,50,33,325
horsea,1,59.0,4,80,3,water,1,30,40,70,70,25,60,29,295
goldeen,1,64.0,6,150,3,water,1,45,67,60,35,50,63,31,320
staryu,1,68.0,8,345,3,water,1,30,45,55,70,55,85,38,340
magikarp,1,40.0,9,100,2,water,1,20,10,55,15,20,80,3,200
lapras,1,187.0,25,2200,3,water,1,130,85,80,85,95,60,39,535
lapras,1,187.0,25,2200,3,ice,2,130,85,80,85,95,60,39,535
slowbro,1,172.0,16,785,3,water,1,95,75,110,100,80,30,52,490
slowbro,1,172.0,16,785,3,psychic,2,95,75,110,100,80,30,52,490
dewgong,1,166.0,17,1200,3,water,1,90,70,80,70,95,70,28,475
dewgong,1,166.0,17,1200,3,ice,2,90,70,80,70,95,70,28,475
cloyster,1,184.0,15,1325,3,water,1,50,95,180,85,45,70,37,525
cloyster,1,184.0,15,1325,3,ice,2,50,95,180,85,45,70,37,525
kingler,1,166.0,13,600,3,water,1,55,130,115,50,50,75,33,475
seadra,1,154.0,12,250,3,water,1,55,65,95,95,45,85,28,440
seaking,1,158.0,13,390,3,water,1,80,92,65,65,80,68,31,450
starmie,1,182.0,11,800,3,water,1,60,75,85,100,85,115,38,520
starmie,1,182.0,11,800,3,psychic,2,60,75,85,100,85,115,38,520
vaporeon,1,184.0,10,290,2,water,1,130,65,60,110,95,65,38,525
totodile,2,63.0,6,95,2,water,1,50,65,64,44,48,43,33,314
chinchou,2,66.0,5,120,3,water,1,75,38,38,56,56,67,26,330
chinchou,2,66.0,5,120,3,electric,2,75,38,38,56,56,67,26,330
remoraid,2,60.0,6,120,3,water,1,35,65,35,65,35,65,27,300
croconaw,2,142.0,11,250,2,water,1,65,80,80,59,63,58,34,405
feraligatr,2,239.0,23,888,2,water,1,85,105,100,79,83,78,37,530
lanturn,2,161.0,12,225,3,water,1,125,58,58,76,76,67,27,460
lanturn,2,161.0,12,225,3,electric,2,125,58,58,76,76,67,27,460
marill,2,88.0,4,85,3,water,1,70,20,50,20,50,40,34,250
azumarill,2,210.0,8,285,3,water,1,100,50,80,60,80,50,33,420
politoed,2,250.0,11,339,3,water,1,90,75,75,90,100,70,38,500
slowking,2,172.0,20,795,3,water,1,95,75,80,100,110,30,45,490
slowking,2,172.0,20,795,3,psychic,2,95,75,80,100,110,30,45,490
octillery,2,168.0,9,285,3,water,1,75,105,75,105,75,45,29,480
suicune,2,290.0,20,1870,2,water,1,100,75,115,90,115,85,28,580
kingdra,2,270.0,18,1520,3,water,1,75,95,95,95,95,85,26,540
kingdra,2,270.0,18,1520,3,dragon,2,75,95,95,95,95,85,26,540
mudkip,3,62.0,4,76,2,water,1,50,70,50,50,50,40,33,310
lotad,3,44.0,5,26,3,water,1,40,30,30,40,50,30,25,220
lotad,3,44.0,5,26,3,grass,2,40,30,30,40,50,30,25,220
lombre,3,119.0,12,325,3,water,1,60,50,50,60,70,50,35,340
lombre,3,119.0,12,325,3,grass,2,60,50,50,60,70,50,35,340
ludicolo,3,240.0,15,550,3,water,1,80,70,70,90,100,70,37,480
ludicolo,3,240.0,15,550,3,grass,2,80,70,70,90,100,70,37,480
carvanha,3,61.0,8,208,2,water,1,45,90,20,65,20,65,21,305
wailmer,3,80.0,20,1300,3,water,1,130,70,35,70,35,60,25,400
corphish,3,62.0,6,115,3,water,1,43,80,65,50,35,35,28,308
feebas,3,40.0,6,74,3,water,1,20,15,20,10,55,80,18,200
spheal,3,58.0,8,395,3,water,2,70,40,50,55,50,25,21,290
spheal,3,58.0,8,395,3,ice,1,70,40,50,55,50,25,21,290
clamperl,3,69.0,4,525,2,water,1,35,64,85,74,55,32,16,345
luvdisc,3,116.0,6,87,2,water,1,43,30,55,40,65,97,18,330
sharpedo,3,161.0,18,888,2,water,1,70,120,40,95,40,95,26,460
wailord,3,175.0,145,3980,3,water,1,170,90,45,90,45,60,24,500
crawdaunt,3,164.0,11,328,3,water,1,63,120,85,90,55,55,30,468
milotic,3,189.0,62,1620,3,water,1,95,60,79,100,125,81,26,540
sealeo,3,144.0,11,876,3,water,2,90,60,70,75,70,45,21,410
sealeo,3,144.0,11,876,3,ice,1,90,60,70,75,70,45,21,410
walrein,3,265.0,14,1506,3,water,2,110,80,90,95,90,65,24,530
walrein,3,265.0,14,1506,3,ice,1,110,80,90,95,90,65,24,530
huntail,3,170.0,17,270,2,water,1,55,104,105,94,75,52,19,485
gorebyss,3,170.0,18,226,2,water,1,55,84,105,114,75,52,20,485
kyogre,3,335.0,45,3520,1,water,1,100,100,90,150,140,90,24,670
piplup,4,63.0,4,52,2,water,1,53,51,53,61,56,40,26,314
buizel,4,66.0,7,295,2,water,1,55,65,35,60,30,85,29,330
shellos,4,65.0,3,63,3,water,1,76,48,48,57,62,34,23,325
prinplup,4,142.0,8,230,2,water,1,64,66,68,81,76,50,30,405
empoleon,4,239.0,17,845,2,water,1,84,86,88,111,101,60,35,530
floatzel,4,173.0,11,335,2,water,1,85,105,55,85,50,115,30,495
finneon,4,66.0,4,70,3,water,1,49,49,56,49,61,66,20,330
palkia,4,340.0,42,3360,2,water,1,90,120,100,150,120,100,25,680
palkia,4,340.0,42,3360,2,dragon,2,90,120,100,150,120,100,25,680
phione,4,216.0,4,31,1,water,1,80,80,80,80,80,80,16,480
manaphy,4,270.0,3,14,1,water,1,100,100,100,100,100,100,22,600
lumineon,4,161.0,12,240,3,water,1,69,69,76,69,86,91,19,460
oshawott,5,62.0,5,59,2,water,1,55,55,45,63,45,45,19,308
panpour,5,63.0,6,135,2,water,1,50,53,48,53,48,64,19,316
simipour,5,174.0,10,290,2,water,1,75,98,63,98,63,101,17,498
tympole,5,59.0,5,45,3,water,1,50,50,40,50,40,64,13,294
alomomola,5,165.0,12,316,3,water,1,165,75,80,40,45,65,17,470
dewott,5,145.0,8,245,2,water,1,75,75,60,83,60,60,19,413
samurott,5,238.0,15,946,2,water,1,95,100,85,108,70,70,23,528
froakie,6,63.0,3,70,2,water,1,41,56,40,62,44,71,23,314
clauncher,6,66.0,5,83,1,water,1,50,53,62,58,63,44,19,330
frogadier,6,142.0,6,109,2,water,1,54,63,52,83,56,97,26,405
greninja,6,239.0,15,400,2,water,1,72,95,67,103,71,122,28,530
clawitzer,6,100.0,13,353,1,water,1,71,73,88,120,89,59,21,500
popplio,7,64.0,4,75,2,water,1,50,54,54,66,56,40,17,320
pyukumuku,7,144.0,3,12,2,water,1,55,60,130,30,130,5,11,410
bruxish,7,166.0,9,190,3,water,1,68,105,70,70,70,92,25,475
bruxish,7,166.0,9,190,3,psychic,2,68,105,70,70,70,92,25,475
tapu-fini,7,285.0,13,212,2,water,1,70,75,115,95,130,85,17,570
brionne,7,147.0,6,175,2,water,1,60,69,69,91,81,50,18,420
primarina,7,265.0,18,440,2,water,1,80,74,74,126,116,60,23,530
sobble,8,62.0,3,40,2,water,1,50,40,40,70,40,70,16,310
chewtle,8,57.0,3,85,3,water,1,50,64,50,38,38,44,13,284
drizzile,8,147.0,7,115,2,water,1,65,60,55,95,55,90,16,420
inteleon,8,265.0,19,452,2,water,1,70,85,65,125,65,120,23,530
arrokuda,8,56.0,5,10,2,water,1,41,63,40,40,30,66,15,280
dracovish,8,177.0,23,2150,3,water,1,90,90,100,70,80,75,17,505
dracovish,8,177.0,23,2150,3,dragon,2,90,90,100,70,80,75,17,505
arctovish,8,177.0,20,1750,3,water,1,90,90,100,80,90,55,13,505
arctovish,8,177.0,20,1750,3,ice,2,90,90,100,80,90,55,13,505
barraskewda,8,172.0,13,300,2,water,1,61,123,60,60,50,136,16,490
quaxly,9,,5,61,2,water,1,55,65,45,50,45,50,11,310
wiglett,9,,12,18,3,water,1,10,55,25,35,25,95,15,245
finizen,9,,13,602,2,water,1,70,45,40,45,40,75,17,315
veluza,9,,25,900,2,water,1,90,102,73,78,65,70,18,478
veluza,9,,25,900,2,psychic,2,90,102,73,78,65,70,18,478
dondozo,9,,120,2200,3,water,1,150,100,115,65,65,35,16,530
tatsugiri,9,,3,80,2,water,2,68,50,60,120,95,82,10,475
tatsugiri,9,,3,80,2,dragon,1,68,50,60,120,95,82,10,475
iron-bundle,9,,6,110,2,water,2,56,80,114,124,60,136,12,570
iron-bundle,9,,6,110,2,ice,1,56,80,114,124,60,136,12,570
wugtrio,9,,12,54,3,water,1,35,100,50,50,70,120,16,425
palafin,9,,13,602,2,water,1,100,70,72,53,62,100,18,457
walking-wake,9,,35,2800,2,water,1,99,83,91,125,83,109,16,590
walking-wake,9,,35,2800,2,dragon,2,99,83,91,125,83,109,16,590
quaxwell,9,,12,215,2,water,1,70,85,65,65,60,65,11,410
exeggcute,1,65.0,4,25,2,grass,1,60,40,80,60,45,40,33,325
exeggcute,1,65.0,4,25,2,psychic,2,60,40,80,60,45,40,33,325
tangela,1,87.0,10,350,3,grass,1,65,55,115,100,40,60,31,435
exeggutor,1,186.0,20,1200,2,grass,1,95,95,85,125,75,55,36,530
exeggutor,1,186.0,20,1200,2,psychic,2,95,95,85,125,75,55,36,530
chikorita,2,64.0,9,64,2,grass,1,45,49,65,49,65,45,22,318
sunkern,2,36.0,3,18,3,grass,1,30,30,30,30,30,30,19,180
meganium,2,236.0,18,1005,2,grass,1,80,82,100,83,100,80,26,525
bellossom,2,245.0,4,58,2,grass,1,75,80,95,90,100,50,21,490
sunflora,2,149.0,8,85,3,grass,1,75,75,55,105,85,30,21,425
celebi,2,300.0,6,50,1,grass,2,100,100,100,100,100,100,22,600
celebi,2,300.0,6,50,1,psychic,1,100,100,100,100,100,100,22,600
bayleef,2,142.0,12,158,2,grass,1,60,62,80,63,80,60,23,405
treecko,3,62.0,5,50,2,grass,1,40,45,35,65,55,70,35,310
seedot,3,44.0,5,40,3,grass,1,40,40,50,30,30,30,26,220
shroomish,3,59.0,4,45,3,grass,1,60,40,60,40,60,35,21,295
grovyle,3,142.0,9,216,2,grass,1,50,65,45,85,65,95,34,405
sceptile,3,265.0,17,522,2,grass,1,70,85,65,105,85,120,37,530
nuzleaf,3,119.0,10,280,3,grass,1,70,70,40,60,40,60,34,340
shiftry,3,240.0,13,596,3,grass,1,90,100,60,90,60,80,36,480
cacnea,3,67.0,4,513,2,grass,1,50,85,40,85,40,35,29,335
cacturne,3,166.0,13,774,2,grass,1,70,115,60,115,60,55,30,475
turtwig,4,64.0,4,102,2,grass,1,55,68,64,45,55,31,26,318
cherubi,4,55.0,4,33,1,grass,1,45,35,45,62,53,35,13,275
grotle,4,142.0,11,970,2,grass,1,75,89,85,55,65,36,26,405
cherrim,4,158.0,5,93,1,grass,1,70,60,70,87,78,85,13,450
carnivine,4,159.0,14,270,1,grass,1,74,100,72,90,72,46,18,454
snover,4,67.0,10,505,2,grass,1,60,62,50,62,60,40,23,334
snover,4,67.0,10,505,2,ice,2,60,62,50,62,60,40,23,334
abomasnow,4,173.0,22,1355,2,grass,1,90,92,75,92,85,60,25,494
abomasnow,4,173.0,22,1355,2,ice,2,90,92,75,92,85,60,25,494
tangrowth,4,187.0,20,1286,3,grass,1,100,100,125,110,50,50,26,535
leafeon,4,184.0,10,255,2,grass,1,65,110,130,60,65,95,26,525
whimsicott,5,168.0,7,66,3,grass,1,60,67,85,77,75,116,19,480
lilligant,5,168.0,11,163,3,grass,1,70,60,75,110,75,90,18,480
snivy,5,62.0,6,81,2,grass,1,45,45,55,45,55,63,23,308
pansage,5,63.0,6,105,2,grass,1,50,53,48,53,48,64,16,316
servine,5,145.0,8,160,2,grass,1,60,60,75,60,75,83,23,413
serperior,5,238.0,33,630,2,grass,1,75,75,95,75,95,113,26,528
simisage,5,174.0,11,305,2,grass,1,75,98,63,98,63,101,14,498
cottonee,5,56.0,3,6,3,grass,1,40,27,60,37,50,66,15,280
petilil,5,56.0,5,66,3,grass,1,45,35,50,70,50,30,15,280
maractus,5,161.0,10,280,3,grass,1,75,86,67,106,67,60,13,461
ferroseed,5,61.0,6,188,1,grass,1,44,50,91,24,86,10,14,305
ferrothorn,5,171.0,10,1100,2,grass,1,74,94,131,54,116,20,18,489
chespin,6,63.0,4,90,2,grass,1,56,61,65,48,45,38,26,313
skiddo,6,70.0,9,310,2,grass,1,66,65,48,62,57,52,20,350
quilladin,6,142.0,7,290,2,grass,1,61,78,95,56,58,57,25,405
gogoat,6,186.0,17,910,2,grass,1,123,100,62,97,81,68,21,531
fomantis,7,50.0,3,15,2,grass,1,40,55,35,50,35,35,11,250
morelull,7,57.0,2,15,3,grass,1,40,35,55,65,75,15,19,285
bounsweet,7,42.0,3,32,3,grass,1,42,30,38,30,38,32,11,210
tapu-bulu,7,285.0,19,455,2,grass,1,70,130,115,85,95,75,18,570
kartana,7,285.0,3,1,1,grass,1,59,181,131,59,31,109,9,570
lurantis,7,168.0,9,185,2,grass,1,70,105,90,80,90,45,12,480
shiinotic,7,142.0,10,115,3,grass,1,60,45,80,90,100,30,16,405
steenee,7,102.0,7,82,3,grass,1,52,40,48,40,48,62,13,290
tsareena,7,255.0,12,214,3,grass,1,72,120,98,50,98,72,17,510
grookey,8,62.0,3,50,2,grass,1,50,65,50,40,40,65,19,310
gossifleur,8,50.0,4,22,3,grass,1,40,40,60,40,60,10,11,250
applin,8,52.0,2,5,3,grass,1,40,40,80,40,40,20,2,260
applin,8,52.0,2,5,3,dragon,2,40,40,80,40,40,20,2,260
thwackey,8,147.0,7,140,2,grass,1,70,85,70,55,60,80,20,420
rillaboom,8,265.0,21,900,2,grass,1,100,125,90,60,70,85,22,530
eldegoss,8,161.0,5,25,3,grass,1,60,50,90,80,120,60,7,460
flapple,8,170.0,3,10,3,grass,1,70,110,80,95,60,70,11,485
flapple,8,170.0,3,10,3,dragon,2,70,110,80,95,60,70,11,485
zarude,8,300.0,18,700,1,grass,2,105,120,105,70,95,105,23,600
calyrex,8,250.0,11,77,1,grass,2,100,80,80,80,80,80,19,500
calyrex,8,250.0,11,77,1,psychic,1,100,80,80,80,80,80,19,500
appletun,8,170.0,4,130,3,grass,1,110,85,80,100,80,30,16,485
appletun,8,170.0,4,130,3,dragon,2,110,85,80,100,80,30,16,485
sprigatito,9,,4,41,2,grass,1,40,61,54,45,45,65,12,310
capsakid,9,,3,30,3,grass,1,50,62,40,62,40,50,11,304
brute-bonnet,9,,12,210,2,grass,1,111,127,99,79,99,55,13,570
wo-chien,9,,15,742,2,grass,2,85,85,100,95,135,70,14,570
iron-leaves,9,,15,1250,2,grass,1,90,130,88,70,108,104,11,590
iron-leaves,9,,15,1250,2,psychic,2,90,130,88,70,108,104,11,590
ogerpon,9,,12,398,1,grass,1,80,120,84,60,96,110,14,550
floragato,9,,9,122,2,grass,1,61,80,63,60,63,83,13,410
meowscarada,9,,15,312,2,grass,1,76,110,70,81,70,123,15,530
dipplin,9,,4,97,3,grass,1,80,80,110,95,80,40,11,485
dipplin,9,,4,97,3,dragon,2,80,80,110,95,80,40,11,485
hydrapple,9,,18,930,3,grass,1,106,80,110,120,80,44,14,540
hydrapple,9,,18,930,3,dragon,2,106,80,110,120,80,44,14,540
pikachu,1,112.0,4,60,2,electric,1,35,55,40,50,50,90,37,320
raichu,1,243.0,8,300,2,electric,1,60,90,55,90,80,110,37,485
magnemite,1,65.0,3,60,3,electric,1,25,35,70,95,55,45,25,325
voltorb,1,66.0,5,104,3,electric,1,40,30,50,55,55,100,25,330
magneton,1,163.0,10,600,3,electric,1,50,60,95,120,70,70,27,465
electrode,1,172.0,12,666,3,electric,1,60,50,70,80,80,150,27,490
electabuzz,1,172.0,11,300,2,electric,1,65,83,57,95,85,105,38,490
jolteon,1,184.0,8,245,2,electric,1,65,65,60,110,95,130,35,525
pichu,2,41.0,3,20,2,electric,1,20,40,15,35,35,60,27,205
mareep,2,56.0,6,78,2,electric,1,55,40,40,65,45,35,25,280
flaaffy,2,128.0,8,133,2,electric,1,70,55,55,80,60,45,33,365
ampharos,2,230.0,14,615,2,electric,1,90,75,85,115,90,55,34,510
elekid,2,72.0,6,235,2,electric,1,45,63,37,65,55,95,32,360
raikou,2,290.0,19,1780,2,electric,1,90,85,75,115,100,115,26,580
electrike,3,59.0,6,152,3,electric,1,40,45,40,65,40,65,22,295
plusle,3,142.0,4,42,2,electric,1,60,50,40,85,75,95,26,405
minun,3,142.0,4,42,2,electric,1,60,40,50,75,85,95,26,405
manectric,3,166.0,15,402,3,electric,1,70,75,60,105,60,105,23,475
shinx,4,53.0,5,95,3,electric,1,45,65,34,40,34,45,22,263
pachirisu,4,142.0,4,39,3,electric,1,60,45,70,45,90,95,26,405
luxio,4,127.0,9,305,3,electric,1,60,85,49,60,49,60,20,363
luxray,4,262.0,14,420,3,electric,1,80,120,79,95,79,70,23,523
magnezone,4,268.0,12,1800,3,electric,1,70,70,115,130,90,60,25,535
electivire,4,270.0,18,1386,2,electric,1,75,123,67,95,85,95,33,540
blitzle,5,59.0,8,298,3,electric,1,45,60,32,50,32,76,23,295
zebstrika,5,174.0,16,795,3,electric,1,75,100,63,80,63,116,24,497
tynamo,5,55.0,2,3,1,electric,1,35,55,40,45,40,60,2,275
zekrom,5,340.0,29,3450,1,electric,2,100,150,120,120,100,90,25,680
zekrom,5,340.0,29,3450,1,dragon,1,100,150,120,120,100,90,25,680
eelektrik,5,142.0,12,220,1,electric,1,65,85,70,75,70,40,16,405
eelektross,5,232.0,21,805,1,electric,1,85,115,80,105,80,50,26,515
dedenne,6,151.0,2,22,3,electric,1,67,58,57,81,67,101,20,431
togedemaru,7,152.0,3,33,3,electric,1,65,98,63,40,73,96,17,435
tapu-koko,7,285.0,18,205,2,electric,1,70,115,85,95,75,130,21,570
xurkitree,7,285.0,38,1000,1,electric,1,83,89,71,173,71,83,16,570
zeraora,7,300.0,15,445,1,electric,1,88,112,75,102,80,143,20,600
yamper,8,54.0,3,135,2,electric,1,59,45,50,40,50,26,13,270
boltund,8,172.0,10,340,2,electric,1,69,90,60,90,60,121,14,490
pincurchin,8,152.0,3,10,2,electric,1,48,101,95,91,85,15,19,435
dracozolt,8,177.0,18,1900,3,electric,1,90,100,90,80,70,75,20,505
dracozolt,8,177.0,18,1900,3,dragon,2,90,100,90,80,70,75,20,505
arctozolt,8,177.0,23,1500,3,electric,1,90,100,90,90,80,55,18,505
arctozolt,8,177.0,23,1500,3,ice,2,90,100,90,90,80,55,18,505
regieleki,8,290.0,12,1450,1,electric,1,80,100,50,100,50,200,17,580
pawmi,9,,3,25,3,electric,1,45,50,20,40,25,60,16,240
tadbulb,9,,3,4,3,electric,1,61,31,41,59,35,45,12,272
miraidon,9,,35,2400,2,electric,1,100,85,100,135,115,135,15,670
miraidon,9,,35,2400,2,dragon,2,100,85,100,135,115,135,15,670
raging-bolt,9,,52,4800,1,electric,1,125,73,91,137,89,75,13,590
raging-bolt,9,,52,4800,1,dragon,2,125,73,91,137,89,75,13,590
bellibolt,9,,12,1130,3,electric,1,109,64,91,103,83,45,14,495
abra,1,62.0,9,195,3,psychic,1,25,20,15,105,55,90,33,310
kadabra,1,140.0,13,565,3,psychic,1,40,35,30,120,70,105,38,400
alakazam,1,250.0,15,480,3,psychic,1,55,50,45,135,95,120,40,500
drowzee,1,66.0,10,324,3,psychic,1,60,48,45,43,90,42,42,328
mewtwo,1,340.0,20,1220,2,psychic,1,106,110,90,154,90,130,57,680
hypno,1,169.0,16,756,3,psychic,1,85,73,70,73,115,67,44,483
mr-mime,1,161.0,13,545,3,psychic,1,40,45,65,100,120,90,41,460
jynx,1,159.0,14,406,3,psychic,2,65,50,35,115,95,95,39,455
jynx,1,159.0,14,406,3,ice,1,65,50,35,115,95,95,39,455
mew,1,300.0,4,40,1,psychic,1,100,100,100,100,100,100,85,600
espeon,2,184.0,9,265,2,psychic,1,65,65,60,130,95,110,31,525
wobbuffet,2,142.0,13,285,2,psychic,1,190,33,58,33,58,33,3,405
smoochum,2,61.0,4,60,3,psychic,2,45,30,15,85,65,65,26,305
smoochum,2,61.0,4,60,3,ice,1,45,30,15,85,65,65,26,305
ralts,3,40.0,4,66,3,psychic,1,28,25,25,45,35,40,30,198
kirlia,3,97.0,8,202,3,psychic,1,38,35,35,65,55,50,30,278
gardevoir,3,259.0,16,484,3,psychic,1,68,65,65,125,115,80,31,518
spoink,3,66.0,7,306,3,psychic,1,60,25,35,70,80,60,25,330
wynaut,3,52.0,6,140,2,psychic,1,95,23,48,23,48,23,3,260
beldum,3,60.0,6,952,2,psychic,2,40,55,80,35,60,30,3,300
grumpig,3,165.0,9,715,3,psychic,1,80,45,65,90,110,80,35,470
chimecho,3,159.0,6,10,1,psychic,1,75,50,80,95,90,65,24,455
metang,3,147.0,12,2025,2,psychic,2,60,75,100,55,80,50,27,420
latias,3,300.0,14,400,1,psychic,2,80,80,90,110,130,110,31,600
latias,3,300.0,14,400,1,dragon,1,80,80,90,110,130,110,31,600
latios,3,300.0,20,600,1,psychic,2,80,90,80,130,110,110,31,600
latios,3,300.0,20,600,1,dragon,1,80,90,80,130,110,110,31,600
jirachi,3,300.0,3,11,1,psychic,2,100,100,100,100,100,100,29,600
metagross,3,300.0,16,5500,2,psychic,2,80,135,130,95,90,70,27,600
chingling,4,57.0,2,6,1,psychic,1,45,30,50,65,50,45,19,285
bronzor,4,60.0,5,605,3,psychic,2,57,24,86,24,86,23,19,300
mime-jr,4,62.0,6,130,3,psychic,1,20,25,45,70,90,60,23,310
bronzong,4,175.0,13,1870,3,psychic,2,67,89,116,79,116,33,24,500
uxie,4,290.0,3,3,1,psychic,1,75,75,130,75,130,95,25,580
mesprit,4,290.0,3,3,1,psychic,1,80,105,105,105,105,80,26,580
azelf,4,290.0,3,3,1,psychic,1,75,125,70,125,70,115,27,580
cresselia,4,300.0,15,856,1,psychic,1,120,70,110,75,120,85,23,580
munna,5,58.0,6,233,3,psychic,1,76,25,45,67,55,24,19,292
musharna,5,170.0,11,605,3,psychic,1,116,55,85,107,95,29,17,487
gothita,5,58.0,4,58,3,psychic,1,45,30,50,55,65,45,18,290
solosis,5,58.0,3,10,3,psychic,1,45,30,40,105,50,20,21,290
elgyem,5,67.0,5,90,3,psychic,1,55,55,55,85,55,30,22,335
gothorita,5,137.0,7,180,3,psychic,1,60,45,70,75,85,55,19,390
gothitelle,5,245.0,15,440,3,psychic,1,70,55,95,95,110,65,21,490
duosion,5,130.0,6,80,3,psychic,1,65,40,50,125,60,30,21,370
reuniclus,5,245.0,10,201,3,psychic,1,110,65,75,125,85,30,29,490
beheeyem,5,170.0,10,345,3,psychic,1,75,75,75,125,95,40,22,485
espurr,6,71.0,3,35,3,psychic,1,62,48,54,63,60,68,19,355
inkay,6,58.0,4,35,3,psychic,2,53,54,53,37,46,45,23,288
malamar,6,169.0,15,470,3,psychic,2,86,92,88,68,75,73,24,482
tapu-lele,7,285.0,12,186,2,psychic,1,70,85,75,130,115,95,14,570
cosmog,7,40.0,2,1,1,psychic,1,43,29,31,29,31,37,2,200
necrozma,7,300.0,24,2300,1,psychic,1,97,107,101,127,89,79,17,600
cosmoem,7,140.0,1,9999,1,psychic,1,43,29,131,29,131,37,1,400
solgaleo,7,340.0,34,2300,1,psychic,1,137,137,107,113,89,97,24,680
hatenna,8,53.0,4,34,3,psychic,1,42,30,45,56,53,39,10,265
hattrem,8,130.0,6,48,3,psychic,1,57,40,65,86,73,49,10,370
hatterene,8,255.0,21,51,3,psychic,1,57,90,95,136,103,29,13,510
mr-rime,8,182.0,15,582,3,psychic,2,80,85,75,110,100,70,24,520
mr-rime,8,182.0,15,582,3,ice,1,80,85,75,110,100,70,24,520
flittle,9,,2,15,3,psychic,1,30,35,30,55,30,75,15,255
scream-tail,9,,12,80,2,psychic,2,115,65,99,65,115,111,28,570
espathra,9,,19,900,3,psychic,1,95,60,60,101,60,105,20,481
iron-crown,9,,16,1560,1,psychic,2,90,72,100,122,108,98,12,590
sneasel,2,86.0,9,280,3,ice,2,55,95,55,35,75,115,32,430
snorunt,3,60.0,7,168,3,ice,1,50,50,50,50,50,50,17,300
glalie,3,168.0,15,2565,3,ice,1,80,80,80,80,80,80,21,480
regice,3,290.0,18,1750,2,ice,1,80,50,100,100,200,50,28,580
weavile,4,179.0,11,340,2,ice,2,70,120,65,45,85,125,29,510
glaceon,4,184.0,8,259,2,ice,1,65,60,110,130,95,65,25,525
vanillite,5,61.0,4,57,3,ice,1,36,50,50,65,60,44,12,305
cubchoo,5,61.0,5,85,3,ice,1,55,70,40,60,40,40,22,305
cryogonal,5,180.0,11,1480,1,ice,1,80,50,50,95,135,105,23,515
kyurem,5,330.0,30,3250,1,ice,2,125,130,90,130,90,95,20,660
kyurem,5,330.0,30,3250,1,dragon,1,125,130,90,130,90,95,20,660
vanillish,5,138.0,11,410,3,ice,1,51,65,65,80,75,59,12,395
vanilluxe,5,268.0,13,575,3,ice,1,71,95,85,110,95,79,13,535
beartic,5,177.0,26,2600,3,ice,1,95,130,80,70,80,50,27,505
bergmite,6,61.0,10,995,3,ice,1,55,69,85,32,35,28,20,304
avalugg,6,180.0,20,5050,3,ice,1,95,117,184,44,46,28,23,514
glastrier,8,290.0,22,8000,1,ice,1,100,145,130,65,110,30,16,580
cetoddle,9,,12,450,3,ice,1,108,68,45,30,40,43,12,334
frigibax,9,,5,170,2,ice,2,65,75,45,35,45,55,12,320
frigibax,9,,5,170,2,dragon,1,65,75,45,35,45,55,12,320
chien-pao,9,,19,1522,2,ice,2,80,120,80,90,65,135,9,570
cetitan,9,,45,7000,3,ice,1,170,113,65,45,55,73,13,521
arctibax,9,,8,300,2,ice,2,90,95,66,45,65,62,12,423
arctibax,9,,8,300,2,dragon,1,90,95,66,45,65,62,12,423
baxcalibur,9,,21,2100,2,ice,2,115,145,92,75,86,87,15,600
baxcalibur,9,,21,2100,2,dragon,1,115,145,92,75,86,87,15,600
dratini,1,60.0,18,33,2,dragon,1,41,64,45,50,50,50,38,300
dragonair,1,147.0,40,165,2,dragon,1,61,84,65,70,70,70,37,420
bagon,3,60.0,6,421,2,dragon,1,45,75,60,40,30,50,25,300
shelgon,3,147.0,11,1105,2,dragon,1,65,95,100,60,50,50,23,420
dialga,4,340.0,54,6830,2,dragon,2,100,120,120,150,100,90,23,680
axew,5,64.0,6,180,3,dragon,1,46,87,60,30,40,57,23,320
druddigon,5,170.0,16,1390,3,dragon,1,77,120,90,60,90,48,23,485
deino,5,60.0,8,173,1,dragon,2,52,65,50,45,50,38,16,300
fraxure,5,144.0,10,360,3,dragon,1,66,117,70,40,50,67,21,410
haxorus,5,270.0,18,1055,3,dragon,1,76,147,90,60,70,97,25,540
zweilous,5,147.0,14,500,1,dragon,2,72,85,70,65,70,58,16,420
hydreigon,5,300.0,18,1600,1,dragon,2,92,105,90,125,90,98,27,600
goomy,6,60.0,3,28,3,dragon,1,45,50,35,55,75,40,15,300
sliggoo,6,158.0,8,175,3,dragon,1,68,75,53,83,113,60,17,452
goodra,6,300.0,20,1505,3,dragon,1,90,100,70,110,150,80,27,600
jangmo-o,7,60.0,6,297,3,dragon,1,45,55,65,45,45,45,17,300
guzzlord,7,285.0,55,8880,1,dragon,2,223,101,53,97,53,43,17,570
duraludon,8,187.0,18,400,3,dragon,2,70,95,115,120,50,85,19,535
regidrago,8,290.0,21,2000,1,dragon,1,200,100,50,100,50,80,15,580
roaring-moon,9,,20,3800,2,dragon,1,105,139,71,55,101,119,19,590
archaludon,9,,20,600,3,dragon,2,90,105,130,125,65,85,19,600
